user,platform,likes,comments,shares
User_00001,Instagram,254,384,142
User_00002,Facebook,1868,76,190
User_00003,Instagram,4517,49,218
User_00004,Instagram,294,52,113
User_00005,Facebook,4179,313,8
User_00006,Facebook,3476,117,116
User_00007,YouTube,206,336,437
User_00008,YouTube,4652,328,225
User_00009,YouTube,1774,199,394
User_00010,Instagram,2990,438,178
User_00011,YouTube,811,950,554
User_00012,Instagram,3150,45,284
User_00013,YouTube,6025,1192,201
User_00014,Instagram,425,343,118
User_00015,YouTube,1407,486,108
User_00016,Twitter,1158,234,326
User_00017,YouTube,2764,768,368
User_00018,Facebook,2227,364,241
User_00019,Instagram,1451,278,127
User_00020,Facebook,3826,199,71
User_00021,Facebook,2696,436,198
User_00022,Instagram,1926,425,18
User_00023,YouTube,6672,558,72
User_00024,Facebook,2617,113,169
User_00025,Twitter,1640,331,235
User_00026,Facebook,2209,76,65
User_00027,YouTube,9677,887,602
User_00028,Twitter,1502,114,71
User_00029,Twitter,392,388,25
User_00030,Instagram,1302,326,83
User_00031,Twitter,2462,34,198
User_00032,Twitter,2460,241,271
User_00033,YouTube,9164,33,122
User_00034,YouTube,5673,238,305
User_00035,Twitter,667,234,2
User_00036,YouTube,8301,375,524
User_00037,Instagram,2494,435,261
User_00038,Facebook,1292,196,197
User_00039,Facebook,4458,403,238
User_00040,Instagram,4956,170,252
User_00041,Instagram,966,480,187
User_00042,YouTube,4023,128,251
User_00043,Instagram,751,379,250
User_00044,Instagram,4413,397,66
User_00045,Facebook,3933,286,44
User_00046,YouTube,8745,876,221
User_00047,Facebook,2593,209,173
User_00048,YouTube,7277,1069,467
User_00049,Instagram,2080,120,34
User_00050,YouTube,444,1144,240
User_00051,Facebook,98,41,183
User_00052,Instagram,1925,39,18
User_00053,YouTube,1260,1062,248
User_00054,YouTube,8053,448,557
User_00055,Facebook,3912,129,202
User_00056,Twitter,3327,210,98
User_00057,Instagram,844,342,222
User_00058,YouTube,7039,851,483
User_00059,Instagram,856,36,208
User_00060,YouTube,1890,519,201
User_00061,Facebook,4433,234,37
User_00062,Twitter,771,144,237
User_00063,Facebook,657,231,208
User_00064,Instagram,464,338,278
User_00065,Instagram,814,479,123
User_00066,Facebook,3369,253,125
User_00067,Facebook,3325,35,44
User_00068,Twitter,28,201,136
User_00069,Twitter,1188,218,357
User_00070,Twitter,654,99,152
User_00071,Facebook,519,301,190
User_00072,Instagram,2619,34,27
User_00073,Twitter,2079,273,81
User_00074,Instagram,4210,46,97
User_00075,Instagram,4924,39,122
User_00076,Twitter,511,293,127
User_00077,Instagram,721,219,300
User_00078,YouTube,4372,428,690
User_00079,YouTube,4010,553,410
User_00080,Facebook,2497,239,82
User_00081,Instagram,126,239,290
User_00082,Instagram,650,280,111
User_00083,YouTube,2270,724,75
User_00084,Facebook,3067,150,42
User_00085,Twitter,3435,280,361
User_00086,YouTube,8766,26,688
User_00087,YouTube,1797,285,275
User_00088,Instagram,926,385,285
User_00089,Facebook,2271,149,156
User_00090,Facebook,2848,109,177
User_00091,YouTube,8380,1010,262
User_00092,Instagram,806,329,218
User_00093,YouTube,822,17,346
User_00094,Facebook,2185,87,191
User_00095,Twitter,2279,363,219
User_00096,Instagram,966,43,78
User_00097,Instagram,3074,303,284
User_00098,Facebook,3560,70,12
User_00099,YouTube,6074,91,371
User_00100,Facebook,2084,346,28
User_00101,YouTube,9273,842,640
User_00102,Facebook,1979,447,43
User_00103,Facebook,3417,17,47
User_00104,YouTube,6845,518,278
User_00105,Facebook,925,200,225
User_00106,Instagram,3905,118,104
User_00107,Twitter,1452,158,421
User_00108,Facebook,1866,17,170
User_00109,Facebook,3304,173,73
User_00110,Instagram,2336,184,262
User_00111,Twitter,2803,276,170
User_00112,Instagram,994,454,135
User_00113,Facebook,2214,24,29
User_00114,Twitter,1435,375,403
User_00115,YouTube,7249,1057,123
User_00116,Twitter,2381,99,131
User_00117,Instagram,3622,5,268
User_00118,Facebook,3023,225,19
User_00119,YouTube,5243,265,312
User_00120,YouTube,6791,678,417
User_00121,YouTube,9183,270,201
User_00122,Twitter,2743,196,347
User_00123,Facebook,2505,212,142
User_00124,Instagram,2539,151,109
User_00125,Twitter,3238,298,311
User_00126,YouTube,7718,914,457
User_00127,Facebook,4227,247,205
User_00128,Facebook,734,150,133
User_00129,YouTube,1630,491,693
User_00130,YouTube,3780,417,155
User_00131,Instagram,428,130,245
User_00132,Instagram,3780,217,296
User_00133,Facebook,3185,258,104
User_00134,Facebook,1248,340,178
User_00135,Instagram,923,403,219
User_00136,Facebook,1480,416,247
User_00137,Twitter,225,287,128
User_00138,Instagram,3789,73,239
User_00139,YouTube,7351,1043,441
User_00140,Twitter,671,382,442
User_00141,Twitter,1863,134,385
User_00142,Facebook,2311,397,201
User_00143,Twitter,2587,124,141
User_00144,Twitter,337,367,147
User_00145,Facebook,2265,176,83
User_00146,Instagram,1183,82,120
User_00147,Twitter,2862,80,362
User_00148,Facebook,566,217,106
User_00149,YouTube,8990,964,430
User_00150,Instagram,1744,431,217
User_00151,Twitter,3173,301,485
User_00152,Instagram,4766,199,246
User_00153,Instagram,2931,157,201
User_00154,Twitter,2224,384,377
User_00155,Facebook,4039,117,71
User_00156,Twitter,2009,16,200
User_00157,YouTube,6724,348,483
User_00158,Facebook,4415,18,234
User_00159,Twitter,2444,290,340
User_00160,Instagram,737,334,221
User_00161,Facebook,3822,98,14
User_00162,YouTube,6311,680,221
User_00163,Twitter,1358,174,390
User_00164,Twitter,1159,387,488
User_00165,Twitter,1053,43,241
User_00166,Instagram,4468,31,181
User_00167,Facebook,602,404,247
User_00168,Instagram,304,491,128
User_00169,Facebook,206,323,41
User_00170,Facebook,1074,247,173
User_00171,Instagram,4670,490,113
User_00172,Twitter,2885,133,393
User_00173,YouTube,2849,244,172
User_00174,YouTube,1871,1195,31
User_00175,YouTube,9533,778,411
User_00176,Facebook,662,308,178
User_00177,Facebook,874,361,199
User_00178,YouTube,9937,257,584
User_00179,Instagram,2894,277,221
User_00180,YouTube,1229,1046,668
User_00181,YouTube,307,870,506
User_00182,Instagram,3601,496,187
User_00183,Twitter,2917,80,223
User_00184,Facebook,4314,338,71
User_00185,Twitter,1924,225,423
User_00186,YouTube,5380,512,93
User_00187,YouTube,7485,509,480
User_00188,Twitter,1397,16,254
User_00189,YouTube,3079,1008,222
User_00190,YouTube,4332,707,291
User_00191,YouTube,9206,30,534
User_00192,Facebook,741,128,186
User_00193,Twitter,2021,286,389
User_00194,Facebook,3940,335,184
User_00195,Twitter,1855,10,48
User_00196,YouTube,3730,838,254
User_00197,YouTube,9628,765,489
User_00198,YouTube,7071,1137,343
User_00199,YouTube,7534,564,318
User_00200,YouTube,3877,257,202
User_00201,YouTube,2058,1107,194
User_00202,Facebook,1812,383,125
User_00203,YouTube,9759,1084,616
User_00204,YouTube,1747,407,308
User_00205,Facebook,2996,96,79
User_00206,Instagram,4425,69,142
User_00207,Instagram,496,288,151
User_00208,Facebook,4061,57,225
User_00209,Instagram,4752,150,242
User_00210,Twitter,1824,176,95
User_00211,Instagram,2118,486,246
User_00212,Instagram,585,210,253
User_00213,Instagram,4776,327,29
User_00214,Facebook,1262,420,146
User_00215,YouTube,1495,518,126
User_00216,Twitter,2503,307,405
User_00217,Facebook,4320,199,117
User_00218,Twitter,1237,303,220
User_00219,YouTube,9416,133,629
User_00220,Instagram,1752,325,110
User_00221,YouTube,1430,331,250
User_00222,Facebook,654,85,2
User_00223,Twitter,1865,354,305
User_00224,Twitter,1212,18,119
User_00225,YouTube,4732,939,77
User_00226,Facebook,2207,408,204
User_00227,Facebook,3522,63,141
User_00228,Facebook,1260,141,213
User_00229,Facebook,624,35,44
User_00230,YouTube,9849,1175,300
User_00231,Twitter,529,241,353
User_00232,YouTube,6694,567,517
User_00233,Twitter,1813,43,307
User_00234,Instagram,3589,381,167
User_00235,YouTube,523,197,239
User_00236,Instagram,2257,300,22
User_00237,Facebook,3894,270,168
User_00238,Twitter,1159,94,300
User_00239,Twitter,2620,253,497
User_00240,Instagram,3900,183,211
User_00241,YouTube,5360,224,169
User_00242,YouTube,6844,1024,300
User_00243,Twitter,3352,391,282
User_00244,Instagram,3775,50,163
User_00245,YouTube,5396,247,418
User_00246,Instagram,4494,241,213
User_00247,Instagram,1586,270,187
User_00248,Twitter,2581,228,390
User_00249,Instagram,1717,141,283
User_00250,Facebook,2399,229,227
User_00251,Twitter,517,16,499
User_00252,Facebook,1337,164,143
User_00253,Instagram,4574,213,49
User_00254,Facebook,969,241,244
User_00255,Instagram,1311,260,151
User_00256,YouTube,6907,998,488
User_00257,Facebook,3781,287,39
User_00258,Twitter,800,308,261
User_00259,Facebook,611,146,199
User_00260,Twitter,1412,261,137
User_00261,Instagram,2367,376,154
User_00262,Twitter,628,230,276
User_00263,Twitter,1433,172,283
User_00264,Twitter,1885,166,446
User_00265,Facebook,1996,297,100
User_00266,Facebook,3405,27,83
User_00267,Twitter,2908,197,198
User_00268,Facebook,4097,23,34
User_00269,YouTube,1744,911,107
User_00270,Twitter,82,371,74
User_00271,Twitter,2701,81,39
User_00272,Twitter,3221,137,174
User_00273,Twitter,2681,43,437
User_00274,YouTube,8842,788,329
User_00275,Twitter,2236,20,317
User_00276,Instagram,1973,328,149
User_00277,Facebook,780,227,27
User_00278,Instagram,3684,90,155
User_00279,Instagram,426,171,30
User_00280,YouTube,5973,777,446
User_00281,Facebook,2040,276,107
User_00282,Facebook,1432,94,22
User_00283,Twitter,2558,351,124
User_00284,Twitter,2408,75,119
User_00285,Twitter,2632,132,236
User_00286,YouTube,253,962,299
User_00287,Facebook,645,231,243
User_00288,YouTube,9726,622,659
User_00289,Twitter,2847,130,234
User_00290,YouTube,3363,797,499
User_00291,Instagram,1993,200,294
User_00292,YouTube,9517,615,307
User_00293,Instagram,3292,145,6
User_00294,Instagram,4119,431,148
User_00295,Facebook,2926,117,164
User_00296,Facebook,2093,352,195
User_00297,Facebook,835,326,167
User_00298,Instagram,2580,408,227
User_00299,Instagram,4797,191,69
User_00300,Instagram,2467,172,214
User_00301,Facebook,1684,72,203
User_00302,YouTube,8797,1037,284
User_00303,Facebook,2145,427,243
User_00304,Twitter,3323,153,383
User_00305,YouTube,1986,969,82
User_00306,Facebook,1888,445,175
User_00307,Twitter,3484,287,188
User_00308,Instagram,3282,12,137
User_00309,Instagram,3775,193,136
User_00310,Twitter,3388,328,482
User_00311,YouTube,1875,488,487
User_00312,Instagram,4649,172,115
User_00313,Instagram,3853,470,156
User_00314,Twitter,497,73,24
User_00315,Instagram,2543,257,61
User_00316,Instagram,1973,459,277
User_00317,Facebook,3223,237,96
User_00318,Twitter,2425,382,373
User_00319,Facebook,3438,340,27
User_00320,Twitter,2541,210,481
User_00321,YouTube,636,768,227
User_00322,Twitter,1841,122,438
User_00323,YouTube,1727,762,562
User_00324,YouTube,1092,825,287
User_00325,Facebook,1040,439,212
User_00326,Twitter,395,341,109
User_00327,Instagram,464,407,172
User_00328,Facebook,1071,407,146
User_00329,Facebook,602,429,197
User_00330,Facebook,1809,421,224
User_00331,Facebook,2731,401,39
User_00332,Instagram,2321,444,76
User_00333,Facebook,4465,133,206
User_00334,Facebook,940,343,223
User_00335,Instagram,1129,12,185
User_00336,Facebook,2692,13,46
User_00337,YouTube,958,269,436
User_00338,Instagram,570,248,231
User_00339,YouTube,8508,233,467
User_00340,Facebook,395,377,202
User_00341,YouTube,7604,73,67
User_00342,Twitter,3490,207,219
User_00343,Instagram,4066,369,229
User_00344,Instagram,711,169,77
User_00345,Instagram,1083,145,282
User_00346,YouTube,6340,1096,306
User_00347,Twitter,2090,311,221
User_00348,Instagram,987,441,284
User_00349,Facebook,3563,236,229
User_00350,Facebook,3429,178,213
User_00351,Twitter,1653,214,374
User_00352,Instagram,2610,223,162
User_00353,YouTube,6232,322,490
User_00354,Instagram,797,430,45
User_00355,Instagram,3587,54,192
User_00356,Facebook,531,305,246
User_00357,YouTube,2102,851,367
User_00358,Twitter,2973,28,496
User_00359,YouTube,9937,649,365
User_00360,Instagram,4784,264,110
User_00361,Facebook,3990,119,218
User_00362,Instagram,2918,437,286
User_00363,YouTube,1982,580,592
User_00364,Facebook,3555,437,145
User_00365,Instagram,2240,19,94
User_00366,YouTube,5162,705,364
User_00367,Instagram,1536,450,75
User_00368,Twitter,305,74,380
User_00369,Instagram,801,387,273
User_00370,Facebook,3121,219,118
User_00371,YouTube,2678,767,324
User_00372,YouTube,9399,183,58
User_00373,Facebook,1329,391,160
User_00374,Instagram,718,144,228
User_00375,Twitter,2009,312,227
User_00376,Twitter,1138,112,387
User_00377,Instagram,2877,225,58
User_00378,YouTube,9817,1006,544
User_00379,YouTube,844,461,409
User_00380,Instagram,112,109,156
User_00381,Facebook,1164,396,67
User_00382,YouTube,5475,255,12
User_00383,Twitter,3079,222,90
User_00384,Facebook,3154,277,182
User_00385,Facebook,4138,291,215
User_00386,YouTube,1280,823,48
User_00387,Twitter,96,237,472
User_00388,Instagram,2614,299,221
User_00389,Twitter,2926,329,214
User_00390,YouTube,1987,839,26
User_00391,YouTube,2915,952,375
User_00392,Instagram,3627,437,56
User_00393,Facebook,3609,306,104
User_00394,Instagram,3292,450,160
User_00395,YouTube,3730,692,177
User_00396,Instagram,4231,329,60
User_00397,Facebook,2902,184,188
User_00398,Facebook,1975,57,39
User_00399,YouTube,3332,365,621
User_00400,Facebook,657,95,245
User_00401,Twitter,1920,388,289
User_00402,Twitter,2809,291,330
User_00403,YouTube,5279,319,455
User_00404,Instagram,3891,231,157
User_00405,YouTube,9789,125,365
User_00406,Instagram,2592,241,233
User_00407,Instagram,516,193,148
User_00408,Instagram,789,319,261
User_00409,Twitter,1915,299,284
User_00410,Instagram,3734,470,294
User_00411,Facebook,2673,314,123
User_00412,Facebook,546,235,28
User_00413,YouTube,1481,1043,666
User_00414,Facebook,360,131,183
User_00415,Twitter,1819,270,268
User_00416,Facebook,3021,195,236
User_00417,YouTube,6447,847,351
User_00418,Instagram,2791,38,170
User_00419,Instagram,4620,352,199
User_00420,YouTube,4228,317,346
User_00421,Instagram,4823,344,74
User_00422,YouTube,5182,812,137
User_00423,Instagram,2586,291,194
User_00424,YouTube,2193,1088,100
User_00425,Twitter,2102,187,10
User_00426,YouTube,5160,379,224
User_00427,YouTube,8067,403,236
User_00428,Facebook,1309,44,77
User_00429,Instagram,4208,399,278
User_00430,Instagram,2808,453,69
User_00431,Twitter,651,85,93
User_00432,Facebook,3625,27,107
User_00433,YouTube,3991,919,630
User_00434,YouTube,7455,489,551
User_00435,Facebook,2575,419,202
User_00436,Twitter,3440,101,189
User_00437,Twitter,1911,395,145
User_00438,Twitter,2079,272,215
User_00439,Facebook,1675,415,156
User_00440,Facebook,2088,31,166
User_00441,Twitter,1540,285,479
User_00442,Instagram,4276,440,65
User_00443,YouTube,1474,338,284
User_00444,Twitter,2122,77,426
User_00445,Twitter,395,115,419
User_00446,Twitter,1451,15,213
User_00447,Instagram,3297,262,193
User_00448,Facebook,3203,46,97
User_00449,Facebook,270,168,240
User_00450,Instagram,2796,410,76
User_00451,Facebook,353,151,236
User_00452,Twitter,2871,73,389
User_00453,Twitter,1857,317,3
User_00454,Instagram,205,136,112
User_00455,Facebook,4363,221,30
User_00456,YouTube,3993,626,129
User_00457,Instagram,2003,219,236
User_00458,Instagram,958,433,257
User_00459,Instagram,4271,299,125
User_00460,Facebook,2426,224,2
User_00461,YouTube,4041,1178,431
User_00462,Facebook,741,273,94
User_00463,Instagram,4359,283,261
User_00464,Instagram,3248,452,242
User_00465,Instagram,3219,196,131
User_00466,Instagram,2975,408,36
User_00467,YouTube,4050,222,600
User_00468,YouTube,2285,100,365
User_00469,YouTube,2968,961,495
User_00470,Facebook,1144,37,185
User_00471,Twitter,171,152,104
User_00472,Instagram,1684,458,23
User_00473,YouTube,5180,1065,412
User_00474,Twitter,1057,20,386
User_00475,Facebook,2383,187,222
User_00476,Instagram,2769,144,65
User_00477,YouTube,7259,829,455
User_00478,Twitter,1408,97,255
User_00479,Twitter,1524,267,137
User_00480,Instagram,3527,45,222
User_00481,Facebook,2446,169,28
User_00482,Instagram,2736,343,153
User_00483,YouTube,7405,882,175
User_00484,Twitter,1459,230,22
User_00485,YouTube,7226,572,659
User_00486,Instagram,664,348,209
User_00487,YouTube,8506,337,36
User_00488,Facebook,3629,22,34
User_00489,Instagram,1983,403,189
User_00490,YouTube,6372,1171,38
User_00491,Facebook,3725,194,97
User_00492,Twitter,3145,41,294
User_00493,Facebook,4377,192,103
User_00494,YouTube,4666,521,121
User_00495,Instagram,1574,260,267
User_00496,Twitter,2320,62,135
User_00497,YouTube,7411,449,631
User_00498,YouTube,8147,419,130
User_00499,Facebook,646,236,46
User_00500,Twitter,379,351,496
User_00501,YouTube,5792,142,568
User_00502,YouTube,5014,332,658
User_00503,Facebook,3001,265,59
User_00504,Instagram,1696,410,73
User_00505,Facebook,4087,18,94
User_00506,YouTube,7757,1139,137
User_00507,Instagram,588,163,205
User_00508,Twitter,2173,212,394
User_00509,Twitter,3392,296,38
User_00510,Facebook,2637,333,20
User_00511,Twitter,1928,350,265
User_00512,YouTube,2202,1139,660
User_00513,Facebook,1097,226,130
User_00514,Instagram,1067,270,80
User_00515,YouTube,2797,341,335
User_00516,Facebook,2874,270,231
User_00517,YouTube,1392,523,206
User_00518,YouTube,2150,630,634
User_00519,Instagram,4167,333,88
User_00520,Facebook,1442,342,161
User_00521,YouTube,9334,94,34
User_00522,Instagram,422,490,297
User_00523,YouTube,3553,1181,431
User_00524,Instagram,4129,460,281
User_00525,YouTube,5049,999,255
User_00526,Twitter,1238,234,38
User_00527,Instagram,1344,230,214
User_00528,Twitter,1922,106,175
User_00529,Facebook,2600,446,185
User_00530,YouTube,5758,826,138
User_00531,YouTube,8537,1160,113
User_00532,YouTube,4060,965,130
User_00533,YouTube,7466,517,149
User_00534,Instagram,464,153,198
User_00535,Twitter,1036,83,417
User_00536,YouTube,9564,650,199
User_00537,Facebook,4121,268,121
User_00538,Twitter,1283,256,12
User_00539,Instagram,3271,263,236
User_00540,Facebook,1802,303,92
User_00541,Instagram,464,149,255
User_00542,Twitter,1190,276,5
User_00543,Instagram,3580,73,137
User_00544,YouTube,6706,759,51
User_00545,Twitter,229,293,288
User_00546,Facebook,3009,288,75
User_00547,Instagram,3214,263,232
User_00548,YouTube,2046,273,104
User_00549,Twitter,1548,175,286
User_00550,YouTube,2463,417,621
User_00551,Twitter,2068,22,24
User_00552,Instagram,1172,370,172
User_00553,Twitter,2147,235,77
User_00554,Facebook,2726,318,83
User_00555,Facebook,3259,320,191
User_00556,YouTube,9827,698,524
User_00557,Twitter,2922,290,154
User_00558,Twitter,3361,10,189
User_00559,YouTube,1895,863,602
User_00560,YouTube,536,981,276
User_00561,Facebook,460,303,124
User_00562,Facebook,4334,327,186
User_00563,Twitter,625,350,125
User_00564,Instagram,4740,490,58
User_00565,Facebook,195,230,82
User_00566,Twitter,640,213,354
User_00567,Facebook,3401,261,200
User_00568,Twitter,3494,378,373
User_00569,Instagram,1181,270,108
User_00570,YouTube,7937,1086,390
User_00571,YouTube,2937,951,550
User_00572,YouTube,9050,735,697
User_00573,YouTube,8032,403,257
User_00574,YouTube,9243,621,235
User_00575,YouTube,4835,434,505
User_00576,YouTube,7961,724,578
User_00577,YouTube,4815,259,592
User_00578,Twitter,1636,178,489
User_00579,Facebook,2419,26,75
User_00580,Instagram,2887,478,228
User_00581,YouTube,7949,448,211
User_00582,YouTube,9308,566,145
User_00583,Instagram,4857,127,126
User_00584,Instagram,4400,120,121
User_00585,Instagram,870,216,171
User_00586,Twitter,431,350,395
User_00587,Facebook,82,286,239
User_00588,Facebook,3373,339,241
User_00589,Twitter,1975,335,103
User_00590,YouTube,5362,594,666
User_00591,Instagram,782,338,295
User_00592,Facebook,4423,383,187
User_00593,Instagram,1484,218,92
User_00594,Instagram,3302,408,255
User_00595,Facebook,2411,24,4
User_00596,YouTube,9405,229,348
User_00597,YouTube,7544,1122,541
User_00598,Twitter,569,260,240
User_00599,YouTube,3259,240,343
User_00600,Facebook,3799,336,67
User_00601,Facebook,155,382,88
User_00602,YouTube,9402,405,184
User_00603,Twitter,3407,220,264
User_00604,YouTube,1521,830,690
User_00605,Instagram,1563,76,246
User_00606,YouTube,4164,23,272
User_00607,Twitter,984,230,386
User_00608,YouTube,5500,628,601
User_00609,Instagram,2192,339,186
User_00610,Facebook,548,346,32
User_00611,Twitter,1276,83,208
User_00612,YouTube,2023,614,381
User_00613,Facebook,1835,73,124
User_00614,Facebook,3767,387,157
User_00615,YouTube,6913,1134,487
User_00616,Facebook,2067,353,195
User_00617,Instagram,4354,233,272
User_00618,YouTube,1379,1165,119
User_00619,Instagram,4536,467,260
User_00620,Facebook,4436,81,44
User_00621,YouTube,8625,914,124
User_00622,Facebook,4044,51,232
User_00623,Twitter,3332,30,233
User_00624,Facebook,4244,217,118
User_00625,Instagram,4627,241,159
User_00626,Instagram,3293,135,3
User_00627,Facebook,638,28,110
User_00628,YouTube,1144,1118,66
User_00629,Instagram,3917,21,148
User_00630,Twitter,757,395,70
User_00631,Twitter,1553,197,230
User_00632,Twitter,1558,43,350
User_00633,Facebook,2888,65,47
User_00634,Twitter,2186,67,373
User_00635,Facebook,68,392,7
User_00636,YouTube,7685,1125,439
User_00637,Twitter,3392,119,127
User_00638,Twitter,1437,81,142
User_00639,Facebook,964,21,209
User_00640,Twitter,2538,394,480
User_00641,Instagram,2021,110,36
User_00642,Instagram,4915,22,230
User_00643,Instagram,2054,384,24
User_00644,Twitter,1817,121,277
User_00645,Facebook,502,76,130
User_00646,YouTube,3936,1189,331
User_00647,YouTube,3981,628,151
User_00648,Facebook,3427,158,72
User_00649,Instagram,4610,490,91
User_00650,Twitter,2296,255,25
User_00651,YouTube,6344,1084,331
User_00652,Twitter,1692,78,154
User_00653,Twitter,773,388,276
User_00654,Twitter,1007,117,154
User_00655,Facebook,3833,34,145
User_00656,Twitter,1726,287,272
User_00657,Facebook,3221,129,67
User_00658,Facebook,2745,336,22
User_00659,Twitter,3489,191,48
User_00660,Facebook,462,142,98
User_00661,Instagram,646,101,288
User_00662,Facebook,3967,111,224
User_00663,YouTube,5067,41,221
User_00664,Facebook,1001,387,195
User_00665,Twitter,1013,358,310
User_00666,Facebook,3289,127,143
User_00667,YouTube,4737,789,482
User_00668,YouTube,5153,545,373
User_00669,Twitter,1928,52,412
User_00670,Twitter,3139,165,469
User_00671,Facebook,3076,165,107
User_00672,Instagram,4658,447,115
User_00673,Facebook,172,138,143
User_00674,Twitter,1229,80,101
User_00675,YouTube,3868,787,588
User_00676,Facebook,4130,286,169
User_00677,YouTube,4316,1010,662
User_00678,Twitter,1907,88,376
User_00679,YouTube,2873,296,564
User_00680,Twitter,773,279,329
User_00681,Instagram,4342,22,40
User_00682,Instagram,102,216,72
User_00683,Facebook,596,367,40
User_00684,Instagram,1841,263,235
User_00685,YouTube,1090,999,680
User_00686,Twitter,84,5,273
User_00687,Twitter,68,10,272
User_00688,YouTube,8877,597,22
User_00689,Twitter,3322,93,55
User_00690,Instagram,4345,81,125
User_00691,Facebook,4352,134,210
User_00692,YouTube,4479,822,85
User_00693,YouTube,6752,950,583
User_00694,Facebook,1890,158,177
User_00695,Instagram,309,52,209
User_00696,Twitter,1564,284,244
User_00697,Instagram,127,364,89
User_00698,Instagram,4144,437,224
User_00699,YouTube,9370,205,545
User_00700,Instagram,1932,113,292
User_00701,Twitter,1130,25,474
User_00702,Instagram,2346,465,280
User_00703,Instagram,1519,480,163
User_00704,Instagram,1747,305,75
User_00705,Twitter,335,155,84
User_00706,Facebook,3227,351,231
User_00707,YouTube,6388,296,85
User_00708,YouTube,979,210,452
User_00709,Facebook,662,179,156
User_00710,Twitter,3188,169,16
User_00711,YouTube,7481,1014,238
User_00712,YouTube,9160,778,447
User_00713,Facebook,3153,48,199
User_00714,YouTube,4137,160,89
User_00715,YouTube,2626,788,654
User_00716,Facebook,3231,167,94
User_00717,Instagram,799,7,159
User_00718,Twitter,1494,391,139
User_00719,Instagram,1135,49,97
User_00720,Twitter,1858,287,285
User_00721,Twitter,443,15,46
User_00722,YouTube,9180,200,616
User_00723,YouTube,6411,35,303
User_00724,Twitter,1608,400,44
User_00725,Facebook,4308,91,177
User_00726,Twitter,714,73,138
User_00727,YouTube,4497,1019,154
User_00728,Instagram,1419,227,143
User_00729,Twitter,1247,249,401
User_00730,Instagram,3008,133,128
User_00731,Twitter,2452,317,101
User_00732,Twitter,458,71,156
User_00733,Instagram,3291,175,196
User_00734,YouTube,7312,695,445
User_00735,Facebook,2501,169,156
User_00736,Facebook,3964,165,47
User_00737,Twitter,1327,151,377
User_00738,Twitter,2378,126,167
User_00739,Twitter,1168,203,187
User_00740,Instagram,4669,107,281
User_00741,Facebook,260,377,120
User_00742,Facebook,3631,413,76
User_00743,Instagram,3401,349,257
User_00744,Facebook,2520,128,66
User_00745,Facebook,3506,409,98
User_00746,Instagram,3728,311,247
User_00747,Twitter,2208,261,473
User_00748,Twitter,2246,20,405
User_00749,YouTube,8896,184,116
User_00750,Facebook,2948,90,167
User_00751,Instagram,4663,335,206
User_00752,YouTube,7152,226,15
User_00753,Instagram,2169,118,263
User_00754,Facebook,3691,196,102
User_00755,Twitter,3183,349,302
User_00756,Facebook,2865,17,125
User_00757,Instagram,2470,217,45
User_00758,Instagram,1210,183,161
User_00759,YouTube,7560,433,538
User_00760,Twitter,1446,245,50
User_00761,Twitter,2977,358,232
User_00762,YouTube,1200,624,50
User_00763,Instagram,235,439,177
User_00764,Instagram,1396,481,126
User_00765,Facebook,1351,174,145
User_00766,Twitter,1912,120,409
User_00767,Twitter,2599,96,96
User_00768,Twitter,1640,16,378
User_00769,Facebook,3722,308,111
User_00770,Twitter,38,362,110
User_00771,Facebook,2320,390,182
User_00772,Instagram,4779,57,276
User_00773,Facebook,3036,171,52
User_00774,Twitter,486,136,344
User_00775,Twitter,2181,329,161
User_00776,Twitter,2523,202,301
User_00777,Instagram,2900,185,236
User_00778,Facebook,2476,319,153
User_00779,Instagram,1147,165,62
User_00780,Facebook,2541,64,48
User_00781,YouTube,2416,1056,402
User_00782,Twitter,2462,72,295
User_00783,Twitter,1752,97,250
User_00784,Facebook,1406,255,75
User_00785,Facebook,1572,166,217
User_00786,Twitter,2557,29,444
User_00787,YouTube,257,1002,144
User_00788,Facebook,3185,292,131
User_00789,Twitter,1695,352,252
User_00790,Twitter,2928,229,251
User_00791,Facebook,717,294,9
User_00792,Facebook,2432,21,72
User_00793,Facebook,4444,152,45
User_00794,Twitter,2336,382,396
User_00795,Twitter,2271,263,58
User_00796,Instagram,2244,401,280
User_00797,YouTube,8980,95,456
User_00798,Facebook,3522,57,190
User_00799,Facebook,2478,21,117
User_00800,YouTube,5811,188,454
User_00801,Instagram,1991,112,181
User_00802,Twitter,699,317,72
User_00803,Facebook,1735,417,17
User_00804,YouTube,8820,585,616
User_00805,Facebook,2691,365,76
User_00806,YouTube,9483,557,531
User_00807,Instagram,1160,497,212
User_00808,Instagram,2321,448,66
User_00809,Facebook,2085,79,184
User_00810,YouTube,4155,814,506
User_00811,Facebook,2241,326,108
User_00812,Twitter,1871,40,325
User_00813,Instagram,3350,268,144
User_00814,YouTube,7549,1009,340
User_00815,Instagram,813,379,236
User_00816,YouTube,1137,1104,412
User_00817,Facebook,3559,427,56
User_00818,Twitter,1119,167,425
User_00819,YouTube,5633,1130,596
User_00820,Facebook,4015,408,89
User_00821,Instagram,426,55,237
User_00822,Instagram,1067,480,82
User_00823,Twitter,1889,2,491
User_00824,Twitter,848,354,466
User_00825,Facebook,2512,86,225
User_00826,YouTube,1629,748,261
User_00827,Instagram,3096,345,86
User_00828,Instagram,3296,325,158
User_00829,Facebook,3556,340,25
User_00830,Instagram,58,114,246
User_00831,Instagram,1137,308,117
User_00832,Twitter,58,6,357
User_00833,YouTube,2075,874,140
User_00834,Twitter,310,119,197
User_00835,Instagram,889,57,162
User_00836,YouTube,5002,290,396
User_00837,Facebook,1210,40,137
User_00838,Instagram,1394,230,181
User_00839,Facebook,1280,215,159
User_00840,Twitter,909,46,460
User_00841,Instagram,1196,390,65
User_00842,Twitter,1459,221,162
User_00843,Facebook,2069,146,167
User_00844,Instagram,2082,288,147
User_00845,Instagram,2521,110,267
User_00846,Facebook,3249,156,167
User_00847,Instagram,2010,258,199
User_00848,Instagram,2024,260,38
User_00849,Instagram,3008,483,164
User_00850,Facebook,3208,445,216
User_00851,Twitter,1516,281,350
User_00852,Facebook,3898,399,20
User_00853,Instagram,4861,39,9
User_00854,YouTube,3634,91,66
User_00855,Twitter,2095,148,322
User_00856,Twitter,1754,361,206
User_00857,Instagram,4445,280,80
User_00858,YouTube,1469,644,85
User_00859,Facebook,1312,279,85
User_00860,Twitter,2422,326,391
User_00861,Instagram,2590,362,225
User_00862,Facebook,514,130,24
User_00863,Twitter,495,234,314
User_00864,Instagram,2583,346,91
User_00865,Instagram,153,367,72
User_00866,Instagram,1392,259,179
User_00867,YouTube,2835,771,134
User_00868,YouTube,2034,70,348
User_00869,Twitter,1134,270,33
User_00870,YouTube,9547,167,513
User_00871,Twitter,2112,186,29
User_00872,Twitter,2341,87,189
User_00873,Facebook,2129,400,28
User_00874,Instagram,1921,384,262
User_00875,Instagram,410,444,8
User_00876,Facebook,416,246,95
User_00877,Twitter,634,93,477
User_00878,Instagram,4579,416,216
User_00879,Facebook,2676,132,108
User_00880,YouTube,4544,169,590
User_00881,YouTube,2056,1038,694
User_00882,Instagram,1519,119,266
User_00883,Instagram,3334,40,240
User_00884,YouTube,5190,680,93
User_00885,Twitter,52,190,103
User_00886,YouTube,9337,632,642
User_00887,Facebook,3840,193,153
User_00888,Twitter,3184,399,101
User_00889,Facebook,1273,8,240
User_00890,Twitter,117,121,278
User_00891,YouTube,257,696,6
User_00892,Twitter,3497,379,373
User_00893,YouTube,1803,430,547
User_00894,Facebook,3479,256,248
User_00895,Instagram,1216,369,145
User_00896,Instagram,409,476,120
User_00897,Twitter,2890,192,235
User_00898,Instagram,4807,53,260
User_00899,Facebook,3270,43,153
User_00900,Instagram,3613,344,68
User_00901,Facebook,2429,138,219
User_00902,YouTube,6538,678,330
User_00903,Twitter,1133,121,39
User_00904,Facebook,1155,404,199
User_00905,Instagram,1323,59,86
User_00906,Twitter,1928,162,209
User_00907,Instagram,4440,188,108
User_00908,Twitter,1282,239,136
User_00909,Instagram,790,85,157
User_00910,Instagram,1811,432,169
User_00911,Facebook,787,369,65
User_00912,YouTube,6592,1061,55
User_00913,YouTube,4362,366,36
User_00914,Twitter,1872,286,384
User_00915,Facebook,815,241,28
User_00916,Facebook,1034,11,17
User_00917,Facebook,1110,106,212
User_00918,Twitter,1544,353,323
User_00919,Instagram,4820,305,134
User_00920,Instagram,228,38,103
User_00921,Twitter,3334,67,48
User_00922,YouTube,2107,97,477
User_00923,Instagram,1426,478,295
User_00924,Twitter,3385,372,203
User_00925,Twitter,140,197,350
User_00926,Twitter,727,183,110
User_00927,Facebook,2292,148,116
User_00928,Facebook,323,319,160
User_00929,Facebook,2457,260,107
User_00930,Twitter,269,46,144
User_00931,Twitter,582,216,103
User_00932,Facebook,4493,411,6
User_00933,Twitter,3222,367,184
User_00934,Twitter,2250,250,177
User_00935,YouTube,6463,563,189
User_00936,Instagram,2662,310,114
User_00937,Instagram,2351,34,243
User_00938,YouTube,9668,486,168
User_00939,Instagram,2080,341,125
User_00940,YouTube,8843,124,229
User_00941,Twitter,1473,90,91
User_00942,Facebook,2645,417,190
User_00943,YouTube,9792,67,365
User_00944,Facebook,1582,433,209
User_00945,Twitter,2240,160,90
User_00946,Twitter,175,48,29
User_00947,Facebook,1832,15,136
User_00948,Twitter,22,171,470
User_00949,Facebook,1108,179,185
User_00950,Facebook,2690,35,7
User_00951,Facebook,1200,401,30
User_00952,YouTube,1288,775,683
User_00953,Twitter,2420,53,173
User_00954,YouTube,5385,289,166
User_00955,Twitter,3263,329,492
User_00956,Twitter,2679,164,90
User_00957,YouTube,3757,369,392
User_00958,YouTube,4925,270,186
User_00959,Instagram,4742,205,292
User_00960,Instagram,1541,313,164
User_00961,Facebook,892,259,38
User_00962,YouTube,1374,497,360
User_00963,YouTube,2850,191,691
User_00964,YouTube,7417,33,276
User_00965,Facebook,2084,359,19
User_00966,YouTube,4305,231,6
User_00967,Instagram,3211,229,216
User_00968,Facebook,3431,257,227
User_00969,Twitter,1458,281,193
User_00970,Instagram,3977,408,297
User_00971,Facebook,1372,236,20
User_00972,Instagram,2465,15,165
User_00973,YouTube,1815,161,355
User_00974,Facebook,3115,87,189
User_00975,Instagram,4531,487,49
User_00976,YouTube,9832,998,36
User_00977,Twitter,2697,86,311
User_00978,Twitter,663,29,52
User_00979,YouTube,3467,399,424
User_00980,YouTube,4712,619,248
User_00981,Instagram,456,206,294
User_00982,Twitter,649,29,185
User_00983,Instagram,3552,49,152
User_00984,Twitter,837,51,14
User_00985,Facebook,1439,331,76
User_00986,Instagram,3929,437,61
User_00987,YouTube,6612,974,505
User_00988,YouTube,1593,1124,401
User_00989,Facebook,3079,200,96
User_00990,Facebook,3691,27,69
User_00991,Twitter,1924,136,116
User_00992,YouTube,9344,136,159
User_00993,Instagram,752,347,178
User_00994,Twitter,3118,303,117
User_00995,Instagram,3221,424,269
User_00996,Twitter,2213,353,444
User_00997,Twitter,2365,122,244
User_00998,YouTube,1393,818,40
User_00999,Facebook,1025,392,116
User_01000,Facebook,1409,113,208
User_01001,Facebook,1073,26,110
User_01002,Instagram,3616,108,77
User_01003,YouTube,5338,147,94
User_01004,Twitter,2298,205,283
User_01005,YouTube,4625,1074,474
User_01006,Instagram,4863,272,216
User_01007,Instagram,3445,81,77
User_01008,Instagram,915,293,53
User_01009,YouTube,8875,714,425
User_01010,YouTube,6375,1004,590
User_01011,Twitter,173,90,142
User_01012,Twitter,609,318,312
User_01013,Twitter,178,204,456
User_01014,YouTube,3992,110,491
User_01015,YouTube,6202,51,350
User_01016,YouTube,5194,584,508
User_01017,Instagram,1917,73,155
User_01018,Twitter,3190,166,138
User_01019,Twitter,2497,332,46
User_01020,Facebook,3658,113,235
User_01021,Twitter,3054,250,389
User_01022,YouTube,1020,1065,167
User_01023,Instagram,2598,368,261
User_01024,Twitter,575,270,451
User_01025,Instagram,1473,103,104
User_01026,Instagram,2093,21,235
User_01027,Instagram,3002,365,103
User_01028,YouTube,6135,960,522
User_01029,Twitter,2622,65,349
User_01030,Instagram,2031,195,252
User_01031,Twitter,747,244,301
User_01032,YouTube,5740,344,269
User_01033,Instagram,2385,19,199
User_01034,Instagram,1384,442,294
User_01035,Facebook,1853,336,59
User_01036,Facebook,2244,338,106
User_01037,Instagram,122,247,69
User_01038,Facebook,109,119,66
User_01039,YouTube,4611,877,390
User_01040,YouTube,7620,526,228
User_01041,Twitter,1257,348,267
User_01042,Twitter,2414,54,4
User_01043,YouTube,9298,588,310
User_01044,Instagram,3996,37,174
User_01045,YouTube,5427,577,272
User_01046,YouTube,3186,317,534
User_01047,Facebook,505,417,221
User_01048,Twitter,2725,165,349
User_01049,Facebook,248,340,129
User_01050,YouTube,4350,867,419
User_01051,Twitter,3037,20,299
User_01052,Facebook,2851,376,184
User_01053,Facebook,4419,331,202
User_01054,Twitter,2771,185,260
User_01055,YouTube,2885,1153,190
User_01056,YouTube,1699,974,136
User_01057,YouTube,9259,384,348
User_01058,Instagram,1870,186,116
User_01059,YouTube,6989,688,385
User_01060,YouTube,9693,612,479
User_01061,Instagram,3904,32,300
User_01062,Instagram,3918,460,101
User_01063,Instagram,3176,276,154
User_01064,Twitter,241,79,71
User_01065,Facebook,2847,214,147
User_01066,Twitter,606,163,442
User_01067,Facebook,702,254,87
User_01068,Facebook,2607,329,16
User_01069,Instagram,3753,145,109
User_01070,Facebook,1337,255,203
User_01071,Instagram,1110,319,224
User_01072,Twitter,1672,221,495
User_01073,Twitter,1590,4,20
User_01074,Facebook,3096,12,230
User_01075,YouTube,8800,400,23
User_01076,Instagram,2088,120,178
User_01077,YouTube,2212,220,397
User_01078,YouTube,2836,143,51
User_01079,YouTube,4864,943,537
User_01080,YouTube,7205,284,355
User_01081,Twitter,1491,386,97
User_01082,Facebook,3344,14,60
User_01083,Facebook,1114,113,189
User_01084,Instagram,4880,263,88
User_01085,Instagram,3053,369,21
User_01086,Twitter,2642,132,395
User_01087,Instagram,4915,29,57
User_01088,Instagram,445,358,61
User_01089,Twitter,1839,196,64
User_01090,YouTube,7872,323,215
User_01091,Instagram,2516,220,53
User_01092,YouTube,2347,867,112
User_01093,Instagram,2365,63,56
User_01094,Twitter,833,313,103
User_01095,YouTube,8671,423,371
User_01096,Twitter,1229,84,21
User_01097,Twitter,870,354,478
User_01098,Twitter,1374,122,2
User_01099,Instagram,779,469,58
User_01100,Twitter,630,48,400
User_01101,Instagram,879,468,133
User_01102,Facebook,3781,156,69
User_01103,Twitter,225,53,417
User_01104,Facebook,363,441,76
User_01105,YouTube,5223,882,123
User_01106,Instagram,425,9,72
User_01107,Facebook,2732,188,230
User_01108,Twitter,2566,139,450
User_01109,Instagram,3102,422,177
User_01110,Facebook,972,210,104
User_01111,Twitter,1133,199,354
User_01112,Twitter,3296,217,333
User_01113,Facebook,966,72,180
User_01114,Instagram,1355,58,215
User_01115,Twitter,3306,293,348
User_01116,Twitter,762,314,195
User_01117,YouTube,572,277,499
User_01118,Twitter,482,212,226
User_01119,Instagram,568,138,162
User_01120,Instagram,4349,397,297
User_01121,Facebook,2811,270,135
User_01122,Instagram,3595,343,129
User_01123,Twitter,1436,341,347
User_01124,Twitter,628,287,457
User_01125,Instagram,145,334,82
User_01126,Twitter,2050,86,39
User_01127,Twitter,1333,125,170
User_01128,YouTube,924,1048,233
User_01129,Twitter,1671,122,41
User_01130,Twitter,1839,295,230
User_01131,Instagram,4133,233,163
User_01132,Instagram,4124,386,11
User_01133,Instagram,3354,216,20
User_01134,Instagram,794,410,157
User_01135,Facebook,3777,179,95
User_01136,Instagram,1876,437,234
User_01137,YouTube,9277,978,677
User_01138,YouTube,7514,243,104
User_01139,Facebook,57,179,92
User_01140,YouTube,9073,1079,387
User_01141,Instagram,425,464,86
User_01142,Twitter,595,369,381
User_01143,Twitter,458,132,313
User_01144,Facebook,1576,66,240
User_01145,Twitter,903,236,423
User_01146,Facebook,2808,60,195
User_01147,Twitter,210,326,429
User_01148,Instagram,3740,239,260
User_01149,Facebook,4126,7,137
User_01150,Instagram,4582,483,223
User_01151,Twitter,2102,92,355
User_01152,Facebook,1091,58,101
User_01153,YouTube,8359,797,433
User_01154,Facebook,2281,208,248
User_01155,YouTube,4919,937,141
User_01156,Facebook,3421,313,181
User_01157,YouTube,9075,652,571
User_01158,Facebook,1685,112,161
User_01159,YouTube,5757,281,670
User_01160,Facebook,4167,282,179
User_01161,YouTube,1990,731,580
User_01162,Twitter,2407,294,483
User_01163,Twitter,2781,384,458
User_01164,YouTube,7020,36,540
User_01165,Instagram,257,200,76
User_01166,Instagram,513,107,138
User_01167,Facebook,2387,354,66
User_01168,Facebook,548,358,202
User_01169,YouTube,3442,1118,38
User_01170,YouTube,7515,219,635
User_01171,Facebook,3225,126,132
User_01172,YouTube,869,791,401
User_01173,Twitter,3248,352,161
User_01174,Instagram,156,385,130
User_01175,Facebook,3669,429,59
User_01176,YouTube,9740,1129,622
User_01177,Facebook,1625,155,116
User_01178,Facebook,650,100,248
User_01179,Facebook,4249,66,98
User_01180,Instagram,3560,147,286
User_01181,YouTube,2231,339,603
User_01182,YouTube,192,686,482
User_01183,Facebook,367,83,239
User_01184,YouTube,9879,114,645
User_01185,YouTube,8137,1182,568
User_01186,YouTube,1294,660,543
User_01187,Facebook,1546,271,19
User_01188,Facebook,3447,283,139
User_01189,Twitter,396,180,114
User_01190,Facebook,2758,174,94
User_01191,YouTube,3679,1096,491
User_01192,Instagram,989,347,179
User_01193,Twitter,1004,330,315
User_01194,Facebook,366,354,228
User_01195,YouTube,6348,242,400
User_01196,YouTube,8951,589,30
User_01197,YouTube,8526,1051,461
User_01198,Twitter,199,153,460
User_01199,Facebook,2664,268,23
User_01200,Instagram,1421,494,277
User_01201,Instagram,586,112,111
User_01202,Twitter,3442,55,106
User_01203,Twitter,2668,38,383
User_01204,Facebook,234,240,185
User_01205,YouTube,720,189,80
User_01206,Instagram,1508,411,130
User_01207,Instagram,4760,425,118
User_01208,YouTube,6778,804,466
User_01209,Twitter,1793,163,9
User_01210,Twitter,2777,62,274
User_01211,Instagram,568,392,25
User_01212,Instagram,2980,480,259
User_01213,Instagram,2424,407,156
User_01214,Instagram,2356,396,226
User_01215,Twitter,1638,340,16
User_01216,Twitter,660,275,113
User_01217,Facebook,3243,412,206
User_01218,YouTube,2460,620,698
User_01219,YouTube,282,1143,573
User_01220,Facebook,1049,26,3
User_01221,Twitter,2220,282,485
User_01222,Instagram,2546,112,178
User_01223,Facebook,3420,335,219
User_01224,Facebook,1358,99,58
User_01225,YouTube,3283,244,190
User_01226,Instagram,4546,241,283
User_01227,Instagram,2431,348,36
User_01228,YouTube,1708,414,599
User_01229,Twitter,1375,184,66
User_01230,Facebook,859,150,160
User_01231,Instagram,1635,167,250
User_01232,Twitter,1364,317,338
User_01233,YouTube,9671,322,584
User_01234,YouTube,5282,887,177
User_01235,Instagram,2615,131,115
User_01236,Twitter,1153,186,69
User_01237,YouTube,7963,957,461
User_01238,YouTube,5104,1007,569
User_01239,Instagram,1489,335,43
User_01240,YouTube,2393,1113,206
User_01241,YouTube,1352,164,24
User_01242,Instagram,4816,301,209
User_01243,Facebook,340,287,68
User_01244,Twitter,2698,398,77
User_01245,YouTube,6530,467,608
User_01246,YouTube,2293,961,518
User_01247,Instagram,3300,191,259
User_01248,Instagram,2006,439,86
User_01249,Facebook,3695,86,47
User_01250,Facebook,4000,188,12
User_01251,Facebook,4034,123,18
User_01252,YouTube,6152,489,48
User_01253,Facebook,4282,410,94
User_01254,Twitter,1943,234,452
User_01255,Instagram,376,337,167
User_01256,Instagram,4321,329,142
User_01257,YouTube,9580,1124,588
User_01258,Facebook,3125,339,98
User_01259,YouTube,9728,169,534
User_01260,YouTube,6265,466,533
User_01261,Twitter,1465,178,250
User_01262,Twitter,2494,5,257
User_01263,Facebook,3643,89,60
User_01264,Instagram,4265,334,145
User_01265,Facebook,1270,100,42
User_01266,YouTube,9963,252,681
User_01267,Facebook,3436,420,86
User_01268,Instagram,3994,350,247
User_01269,Twitter,883,304,83
User_01270,Twitter,111,126,23
User_01271,Facebook,1359,73,163
User_01272,Instagram,4738,80,30
User_01273,Facebook,2155,97,134
User_01274,Twitter,2474,290,327
User_01275,Instagram,2372,489,45
User_01276,Facebook,3719,315,122
User_01277,Twitter,718,114,426
User_01278,Twitter,2481,75,407
User_01279,Facebook,4224,140,44
User_01280,YouTube,7529,150,240
User_01281,Twitter,1598,69,56
User_01282,Instagram,1707,272,260
User_01283,Twitter,3405,78,311
User_01284,Instagram,1503,248,21
User_01285,Instagram,813,251,68
User_01286,Instagram,3584,272,217
User_01287,YouTube,811,1095,444
User_01288,Facebook,3989,409,198
User_01289,Twitter,1455,303,412
User_01290,Instagram,3535,73,132
User_01291,Twitter,3156,121,466
User_01292,Instagram,2370,311,280
User_01293,Twitter,1075,98,3
User_01294,Instagram,4784,272,62
User_01295,Instagram,3122,340,107
User_01296,YouTube,6798,751,114
User_01297,Facebook,3530,338,151
User_01298,YouTube,4381,1107,438
User_01299,YouTube,4614,823,213
User_01300,Twitter,2281,287,248
User_01301,Facebook,3072,291,144
User_01302,Twitter,1059,159,296
User_01303,YouTube,6622,292,680
User_01304,Instagram,1932,233,84
User_01305,Instagram,1806,265,207
User_01306,YouTube,9120,116,169
User_01307,Twitter,2624,4,412
User_01308,Instagram,1240,246,224
User_01309,Instagram,574,139,115
User_01310,YouTube,1411,87,398
User_01311,Twitter,2534,337,267
User_01312,YouTube,9888,127,184
User_01313,Twitter,1818,7,104
User_01314,YouTube,3290,78,618
User_01315,Facebook,1428,350,11
User_01316,YouTube,4019,10,166
User_01317,Instagram,2310,404,206
User_01318,YouTube,6574,840,605
User_01319,Facebook,4281,12,190
User_01320,Instagram,788,286,147
User_01321,YouTube,5793,576,236
User_01322,Facebook,3765,211,149
User_01323,Instagram,2188,94,210
User_01324,Instagram,4626,42,259
User_01325,YouTube,5670,249,530
User_01326,YouTube,8913,1187,261
User_01327,Twitter,1564,290,248
User_01328,Facebook,2822,402,119
User_01329,Twitter,2423,16,247
User_01330,Instagram,2162,39,197
User_01331,Facebook,1923,414,82
User_01332,Twitter,1466,266,275
User_01333,Instagram,2207,132,149
User_01334,Instagram,3318,349,177
User_01335,Instagram,4592,481,93
User_01336,Twitter,1305,183,112
User_01337,YouTube,3094,399,515
User_01338,Facebook,1963,381,63
User_01339,YouTube,3487,479,212
User_01340,Facebook,2956,84,201
User_01341,Instagram,1032,476,42
User_01342,Twitter,2534,5,392
User_01343,Instagram,4000,195,163
User_01344,Twitter,2373,142,252
User_01345,Facebook,4227,148,103
User_01346,Facebook,1090,32,136
User_01347,Twitter,1979,278,17
User_01348,YouTube,6550,367,473
User_01349,Instagram,4295,240,163
User_01350,Instagram,146,350,109
User_01351,Twitter,2399,53,167
User_01352,YouTube,4354,393,566
User_01353,YouTube,3985,561,487
User_01354,YouTube,6095,386,515
User_01355,Twitter,882,216,359
User_01356,YouTube,6081,830,291
User_01357,Twitter,756,294,68
User_01358,Facebook,858,374,71
User_01359,Facebook,3580,443,99
User_01360,Facebook,1234,414,247
User_01361,Facebook,3914,417,4
User_01362,Facebook,3493,260,36
User_01363,YouTube,8072,624,261
User_01364,Instagram,3313,55,85
User_01365,Instagram,1815,421,132
User_01366,Twitter,3456,324,50
User_01367,Twitter,3069,173,134
User_01368,YouTube,6003,1157,575
User_01369,YouTube,5738,50,426
User_01370,Instagram,2926,449,103
User_01371,Facebook,2371,186,85
User_01372,Twitter,3193,379,229
User_01373,Instagram,3171,319,148
User_01374,Twitter,2607,76,445
User_01375,Facebook,2803,220,163
User_01376,Twitter,3497,38,41
User_01377,Facebook,2854,121,82
User_01378,YouTube,4873,557,624
User_01379,Twitter,1131,229,400
User_01380,YouTube,9716,1076,466
User_01381,Twitter,705,96,438
User_01382,Instagram,1074,377,122
User_01383,YouTube,1411,441,175
User_01384,Twitter,441,50,33
User_01385,Twitter,2266,29,14
User_01386,Twitter,2166,393,43
User_01387,Instagram,2200,321,81
User_01388,Instagram,3243,163,119
User_01389,Facebook,2367,231,162
User_01390,Facebook,1115,274,216
User_01391,Facebook,274,22,171
User_01392,YouTube,5428,985,483
User_01393,YouTube,9087,921,143
User_01394,Facebook,3780,328,193
User_01395,Twitter,2164,329,328
User_01396,YouTube,5788,996,557
User_01397,Facebook,773,231,80
User_01398,YouTube,6853,542,164
User_01399,YouTube,272,10,540
User_01400,Facebook,2857,151,122
User_01401,Instagram,4079,489,246
User_01402,YouTube,249,891,304
User_01403,Facebook,99,285,97
User_01404,Facebook,3412,292,113
User_01405,Twitter,1043,85,367
User_01406,Twitter,3413,195,113
User_01407,YouTube,1397,874,645
User_01408,Facebook,4272,396,206
User_01409,YouTube,4764,1099,280
User_01410,Twitter,790,37,94
User_01411,Facebook,2412,61,165
User_01412,Twitter,2550,233,140
User_01413,Twitter,789,166,10
User_01414,Facebook,446,278,7
User_01415,Facebook,877,149,70
User_01416,Facebook,3631,377,4
User_01417,Facebook,778,82,5
User_01418,Twitter,909,177,216
User_01419,YouTube,8265,770,479
User_01420,Instagram,2755,46,76
User_01421,Instagram,2233,402,202
User_01422,Instagram,4499,245,94
User_01423,Facebook,2088,423,99
User_01424,Instagram,1049,398,129
User_01425,Twitter,3178,228,127
User_01426,Instagram,1681,240,50
User_01427,Facebook,3913,204,176
User_01428,YouTube,5393,334,649
User_01429,Instagram,4552,271,64
User_01430,YouTube,7984,621,208
User_01431,YouTube,953,456,120
User_01432,Facebook,3596,171,5
User_01433,Facebook,2301,304,32
User_01434,Twitter,3252,126,5
User_01435,Instagram,4810,406,245
User_01436,Facebook,3082,399,24
User_01437,Facebook,1331,260,25
User_01438,YouTube,1083,132,369
User_01439,Facebook,4433,410,29
User_01440,Facebook,4036,124,83
User_01441,YouTube,7287,405,26
User_01442,Twitter,1487,372,69
User_01443,YouTube,746,1003,453
User_01444,YouTube,8992,1013,199
User_01445,Facebook,4493,183,84
User_01446,Twitter,1147,308,469
User_01447,Facebook,604,276,41
User_01448,Twitter,1231,136,278
User_01449,YouTube,7539,11,658
User_01450,Twitter,3025,96,453
User_01451,Instagram,3032,402,124
User_01452,YouTube,1137,1113,401
User_01453,Facebook,4333,354,129
User_01454,Facebook,2359,170,106
User_01455,YouTube,1909,207,540
User_01456,Instagram,408,432,68
User_01457,Facebook,296,108,29
User_01458,Twitter,804,52,17
User_01459,Twitter,2714,252,270
User_01460,YouTube,904,760,231
User_01461,Instagram,157,481,108
User_01462,Twitter,3428,42,240
User_01463,Instagram,3006,290,214
User_01464,YouTube,1055,554,546
User_01465,Instagram,626,432,157
User_01466,Instagram,1818,496,267
User_01467,Instagram,879,376,120
User_01468,Twitter,796,100,270
User_01469,Facebook,1505,290,193
User_01470,Twitter,3076,56,393
User_01471,YouTube,7615,884,111
User_01472,Facebook,1517,286,104
User_01473,YouTube,2691,1103,619
User_01474,Twitter,1463,163,282
User_01475,YouTube,6190,854,653
User_01476,Twitter,3403,373,166
User_01477,Facebook,1792,197,198
User_01478,YouTube,5998,936,463
User_01479,Twitter,20,373,18
User_01480,YouTube,9860,43,535
User_01481,Facebook,2512,8,78
User_01482,Facebook,1799,443,82
User_01483,Instagram,2310,475,285
User_01484,Facebook,812,24,119
User_01485,YouTube,2657,293,276
User_01486,YouTube,9638,521,243
User_01487,YouTube,5020,198,589
User_01488,Twitter,2350,113,376
User_01489,Instagram,2709,410,249
User_01490,Facebook,4039,427,232
User_01491,Instagram,4926,333,155
User_01492,Instagram,4770,200,42
User_01493,Instagram,2789,183,224
User_01494,Twitter,513,396,117
User_01495,Instagram,3183,32,158
User_01496,Instagram,2665,281,291
User_01497,Facebook,2717,262,180
User_01498,Facebook,1294,30,174
User_01499,Twitter,1845,387,305
User_01500,Instagram,1869,226,150
User_01501,Twitter,626,69,173
User_01502,Instagram,3948,297,27
User_01503,Twitter,1095,45,205
User_01504,Twitter,3189,359,67
User_01505,Facebook,3979,291,52
User_01506,Twitter,1639,335,293
User_01507,Facebook,4334,131,64
User_01508,Instagram,2231,402,222
User_01509,YouTube,9537,193,120
User_01510,Twitter,1754,189,179
User_01511,Facebook,2667,181,154
User_01512,Instagram,2547,91,181
User_01513,Twitter,2572,76,226
User_01514,Instagram,1962,107,193
User_01515,Facebook,742,62,191
User_01516,Instagram,2041,490,77
User_01517,YouTube,325,713,118
User_01518,YouTube,7473,974,28
User_01519,YouTube,3524,1111,221
User_01520,Facebook,4326,389,68
User_01521,Twitter,2571,375,73
User_01522,Instagram,3135,303,271
User_01523,Instagram,2142,92,32
User_01524,YouTube,3388,565,59
User_01525,Twitter,2701,6,35
User_01526,Twitter,2724,140,340
User_01527,YouTube,1867,49,304
User_01528,Twitter,966,196,261
User_01529,Instagram,2634,253,274
User_01530,Instagram,1577,106,258
User_01531,Twitter,2316,366,12
User_01532,Instagram,2076,477,273
User_01533,YouTube,5565,1013,407
User_01534,Facebook,190,182,177
User_01535,YouTube,5922,629,246
User_01536,YouTube,1115,537,401
User_01537,Instagram,4596,490,145
User_01538,Facebook,1282,179,231
User_01539,Twitter,2710,72,45
User_01540,Twitter,2152,349,314
User_01541,Facebook,3458,128,148
User_01542,Facebook,3533,164,234
User_01543,YouTube,7459,1120,139
User_01544,Facebook,1175,302,140
User_01545,Facebook,1171,163,178
User_01546,Facebook,3563,399,39
User_01547,Facebook,2640,39,144
User_01548,Instagram,1558,167,76
User_01549,Instagram,2660,455,213
User_01550,Twitter,1262,228,382
User_01551,YouTube,2589,394,114
User_01552,Facebook,1553,18,197
User_01553,YouTube,9390,482,615
User_01554,Facebook,1931,356,8
User_01555,YouTube,1402,986,142
User_01556,Twitter,2936,334,192
User_01557,Facebook,3214,256,123
User_01558,Facebook,1381,103,59
User_01559,Instagram,3397,396,9
User_01560,YouTube,6867,465,692
User_01561,Facebook,1715,38,47
User_01562,Twitter,2547,252,353
User_01563,YouTube,7596,515,442
User_01564,Twitter,3199,23,312
User_01565,Twitter,2969,162,202
User_01566,Instagram,4315,60,233
User_01567,Twitter,3407,23,450
User_01568,Facebook,4289,280,103
User_01569,Instagram,4618,203,266
User_01570,Instagram,1605,154,227
User_01571,Twitter,1267,398,424
User_01572,YouTube,7658,350,437
User_01573,YouTube,993,1068,150
User_01574,Twitter,3419,332,232
User_01575,Instagram,4151,62,94
User_01576,Facebook,3260,216,84
User_01577,Twitter,122,93,233
User_01578,Facebook,3764,51,66
User_01579,YouTube,2786,263,98
User_01580,Instagram,3731,329,187
User_01581,Instagram,4341,367,198
User_01582,Facebook,3142,286,99
User_01583,Instagram,1449,472,173
User_01584,Facebook,1368,449,39
User_01585,Facebook,460,219,80
User_01586,YouTube,7411,601,646
User_01587,Facebook,1003,72,247
User_01588,Facebook,68,323,197
User_01589,YouTube,300,949,514
User_01590,Twitter,2246,4,312
User_01591,Twitter,994,113,302
User_01592,Twitter,1878,211,227
User_01593,Instagram,4975,312,5
User_01594,Facebook,2318,322,162
User_01595,Facebook,440,99,39
User_01596,Instagram,2909,23,76
User_01597,Instagram,4785,434,154
User_01598,YouTube,1536,110,116
User_01599,Twitter,750,84,345
User_01600,YouTube,9847,1182,580
User_01601,Facebook,3770,388,150
User_01602,YouTube,687,200,311
User_01603,YouTube,6138,786,74
User_01604,Twitter,3474,283,34
User_01605,YouTube,7813,285,129
User_01606,YouTube,5493,1089,428
User_01607,Facebook,1752,318,16
User_01608,Instagram,4730,378,272
User_01609,Instagram,4012,375,149
User_01610,Twitter,2513,164,133
User_01611,YouTube,2225,1162,513
User_01612,Twitter,2037,94,453
User_01613,Facebook,2419,104,2
User_01614,Instagram,246,243,62
User_01615,Facebook,3436,216,13
User_01616,YouTube,5828,1157,657
User_01617,Facebook,132,332,53
User_01618,YouTube,4268,148,320
User_01619,YouTube,8401,1136,336
User_01620,Instagram,982,356,172
User_01621,YouTube,6588,1175,635
User_01622,Instagram,1488,104,171
User_01623,YouTube,7949,981,41
User_01624,Facebook,3984,84,162
User_01625,Twitter,2219,173,237
User_01626,Twitter,3061,30,428
User_01627,YouTube,9356,656,573
User_01628,Instagram,1756,300,171
User_01629,YouTube,1184,315,292
User_01630,Instagram,2828,197,275
User_01631,Facebook,3231,100,154
User_01632,Instagram,2575,366,163
User_01633,Instagram,2274,216,46
User_01634,Twitter,993,192,232
User_01635,YouTube,3641,1085,314
User_01636,Facebook,959,196,202
User_01637,Instagram,1705,472,49
User_01638,Twitter,2092,14,410
User_01639,Twitter,2068,80,98
User_01640,YouTube,8021,1082,322
User_01641,YouTube,2447,211,533
User_01642,Facebook,1720,375,11
User_01643,Twitter,1607,367,443
User_01644,Instagram,83,164,24
User_01645,Instagram,2780,244,25
User_01646,Instagram,4314,397,161
User_01647,Instagram,4781,393,161
User_01648,Facebook,2668,107,51
User_01649,YouTube,4632,1100,331
User_01650,Twitter,2768,62,140
User_01651,Facebook,1330,145,31
User_01652,Instagram,4634,268,54
User_01653,Facebook,4484,184,142
User_01654,YouTube,4540,299,295
User_01655,Facebook,1443,41,81
User_01656,YouTube,8956,918,56
User_01657,Facebook,277,246,233
User_01658,Instagram,917,201,29
User_01659,Instagram,3543,205,93
User_01660,Twitter,2544,184,160
User_01661,YouTube,3346,1102,85
User_01662,Twitter,2345,69,48
User_01663,Twitter,418,235,159
User_01664,Twitter,1947,120,486
User_01665,Facebook,1217,445,231
User_01666,YouTube,6054,812,192
User_01667,YouTube,5420,938,504
User_01668,Instagram,585,248,59
User_01669,YouTube,7942,954,179
User_01670,YouTube,5811,1186,135
User_01671,Instagram,3373,423,56
User_01672,YouTube,9211,155,314
User_01673,Twitter,1661,304,212
User_01674,Facebook,2036,285,42
User_01675,Twitter,1592,35,175
User_01676,Facebook,3571,406,113
User_01677,YouTube,9021,493,182
User_01678,Instagram,4753,433,251
User_01679,Instagram,4901,310,239
User_01680,YouTube,9194,209,460
User_01681,Facebook,2563,212,19
User_01682,Instagram,4935,399,196
User_01683,YouTube,8198,135,97
User_01684,Facebook,1178,302,233
User_01685,Instagram,1251,343,78
User_01686,Twitter,2196,151,200
User_01687,Twitter,821,107,349
User_01688,YouTube,5010,1177,700
User_01689,YouTube,7222,715,96
User_01690,Instagram,4231,211,67
User_01691,YouTube,1122,766,567
User_01692,Instagram,56,365,288
User_01693,YouTube,1897,587,36
User_01694,Facebook,3576,364,153
User_01695,Twitter,2580,164,365
User_01696,Twitter,1683,197,223
User_01697,Facebook,1460,248,37
User_01698,Facebook,3190,436,238
User_01699,YouTube,6935,325,300
User_01700,Facebook,1140,10,20
User_01701,Instagram,1229,374,251
User_01702,Twitter,576,45,71
User_01703,Twitter,1887,358,310
User_01704,Twitter,2572,94,233
User_01705,Twitter,2281,232,197
User_01706,YouTube,3798,390,439
User_01707,Instagram,4784,260,123
User_01708,YouTube,6831,1128,595
User_01709,YouTube,648,87,586
User_01710,Twitter,2907,190,58
User_01711,Twitter,2848,42,73
User_01712,YouTube,7717,1068,85
User_01713,Instagram,2058,246,41
User_01714,YouTube,964,713,552
User_01715,Instagram,3890,237,264
User_01716,Twitter,2370,377,170
User_01717,Twitter,1465,152,149
User_01718,Facebook,329,360,238
User_01719,YouTube,9335,543,67
User_01720,Twitter,2388,88,294
User_01721,Instagram,2440,419,15
User_01722,YouTube,8042,178,134
User_01723,Instagram,2326,134,69
User_01724,YouTube,4609,536,19
User_01725,Instagram,4996,94,79
User_01726,Twitter,1534,91,134
User_01727,Facebook,4012,97,206
User_01728,Instagram,2858,48,76
User_01729,Facebook,4102,390,107
User_01730,Twitter,994,340,226
User_01731,Facebook,1767,300,189
User_01732,YouTube,990,551,123
User_01733,Instagram,1422,242,206
User_01734,Twitter,1254,245,383
User_01735,Facebook,3151,354,182
User_01736,Twitter,1963,136,75
User_01737,Twitter,68,149,475
User_01738,Twitter,1584,349,162
User_01739,Instagram,847,474,274
User_01740,YouTube,7174,568,348
User_01741,YouTube,4475,211,266
User_01742,Twitter,1908,397,346
User_01743,Facebook,1636,271,88
User_01744,Facebook,2606,285,4
User_01745,Instagram,606,11,212
User_01746,Instagram,4352,58,230
User_01747,YouTube,3694,590,262
User_01748,Facebook,318,17,160
User_01749,Instagram,515,485,113
User_01750,Instagram,1032,49,68
User_01751,Twitter,2708,393,461
User_01752,Facebook,948,361,49
User_01753,YouTube,4926,966,681
User_01754,Instagram,3764,477,143
User_01755,Twitter,2855,343,395
User_01756,YouTube,4316,341,80
User_01757,YouTube,1122,793,402
User_01758,YouTube,1084,538,276
User_01759,Facebook,3649,40,127
User_01760,Facebook,3256,96,167
User_01761,Twitter,464,75,277
User_01762,Twitter,914,316,330
User_01763,Instagram,3667,371,134
User_01764,Instagram,335,42,38
User_01765,YouTube,7405,48,514
User_01766,Facebook,47,24,172
User_01767,Twitter,1111,79,359
User_01768,YouTube,6511,1186,8
User_01769,Twitter,1978,225,207
User_01770,Instagram,4474,120,3
User_01771,Twitter,2843,248,63
User_01772,YouTube,5563,630,415
User_01773,Instagram,792,192,275
User_01774,YouTube,1418,951,301
User_01775,Facebook,1486,288,12
User_01776,Twitter,2726,99,154
User_01777,Twitter,457,324,353
User_01778,YouTube,8070,183,652
User_01779,Twitter,3031,99,72
User_01780,Instagram,1631,17,124
User_01781,Twitter,1612,34,406
User_01782,YouTube,8286,1103,465
User_01783,Instagram,353,178,30
User_01784,YouTube,801,840,126
User_01785,Facebook,4325,239,242
User_01786,Facebook,1948,41,11
User_01787,Facebook,4045,339,6
User_01788,Twitter,2552,25,125
User_01789,Facebook,157,93,163
User_01790,Instagram,2567,425,51
User_01791,Twitter,2523,89,428
User_01792,Instagram,921,63,256
User_01793,Facebook,556,416,53
User_01794,Twitter,1401,379,348
User_01795,Twitter,1348,63,500
User_01796,Facebook,2674,433,248
User_01797,Facebook,413,308,46
User_01798,YouTube,1135,257,285
User_01799,Facebook,3440,91,180
User_01800,YouTube,9167,347,454
User_01801,Facebook,373,73,27
User_01802,Twitter,3205,82,9
User_01803,Twitter,350,5,4
User_01804,Facebook,770,366,168
User_01805,YouTube,6919,984,134
User_01806,Facebook,1212,332,71
User_01807,Twitter,1707,124,481
User_01808,Facebook,348,310,48
User_01809,Twitter,2526,47,322
User_01810,YouTube,5799,867,9
User_01811,Facebook,1612,65,137
User_01812,Instagram,3014,446,278
User_01813,Facebook,3842,399,162
User_01814,Facebook,2304,32,51
User_01815,Instagram,1272,355,244
User_01816,Twitter,742,83,344
User_01817,Instagram,492,335,188
User_01818,YouTube,3533,900,262
User_01819,YouTube,7524,98,111
User_01820,Instagram,4452,95,82
User_01821,Instagram,4023,268,61
User_01822,Instagram,1977,374,229
User_01823,YouTube,6965,417,698
User_01824,YouTube,3869,235,338
User_01825,Facebook,843,126,190
User_01826,Twitter,839,194,457
User_01827,Facebook,642,246,151
User_01828,Twitter,242,225,75
User_01829,Facebook,3767,96,101
User_01830,YouTube,2334,947,203
User_01831,YouTube,4518,424,348
User_01832,Facebook,302,359,147
User_01833,Instagram,2348,74,58
User_01834,Twitter,1898,216,88
User_01835,YouTube,3702,614,623
User_01836,Facebook,1432,300,250
User_01837,Facebook,748,215,221
User_01838,Twitter,906,304,243
User_01839,Twitter,1163,9,374
User_01840,Twitter,3035,128,127
User_01841,YouTube,7214,1196,232
User_01842,Facebook,81,218,13
User_01843,Instagram,3905,380,260
User_01844,Instagram,3537,276,203
User_01845,Twitter,3336,358,421
User_01846,Instagram,3756,258,125
User_01847,Instagram,4625,390,8
User_01848,Twitter,912,69,184
User_01849,YouTube,4016,195,21
User_01850,Twitter,2760,158,83
User_01851,Twitter,2356,384,299
User_01852,Instagram,3776,242,72
User_01853,Twitter,777,191,321
User_01854,Twitter,2903,326,1
User_01855,Instagram,3202,462,172
User_01856,Instagram,2479,223,140
User_01857,Facebook,703,322,227
User_01858,YouTube,998,1064,695
User_01859,YouTube,944,237,397
User_01860,YouTube,7724,93,379
User_01861,YouTube,2971,1154,73
User_01862,Facebook,1173,176,63
User_01863,Instagram,3969,382,299
User_01864,Facebook,1886,169,92
User_01865,YouTube,8350,876,288
User_01866,Instagram,569,195,178
User_01867,Twitter,2011,258,270
User_01868,Instagram,3901,368,274
User_01869,YouTube,7505,763,694
User_01870,Instagram,1592,461,236
User_01871,Instagram,706,205,93
User_01872,YouTube,1360,233,173
User_01873,YouTube,1935,313,513
User_01874,Facebook,1713,271,245
User_01875,Instagram,2451,218,279
User_01876,Facebook,3922,182,109
User_01877,Twitter,3041,332,11
User_01878,YouTube,3197,138,27
User_01879,Facebook,4296,335,87
User_01880,Twitter,2390,177,336
User_01881,YouTube,8065,1095,566
User_01882,Twitter,1895,157,291
User_01883,Facebook,2550,92,204
User_01884,YouTube,3815,1001,385
User_01885,YouTube,875,313,366
User_01886,YouTube,7569,350,638
User_01887,Facebook,4425,151,48
User_01888,Facebook,1297,87,62
User_01889,Instagram,387,167,296
User_01890,Facebook,3651,138,96
User_01891,Facebook,1720,292,183
User_01892,Instagram,2646,181,77
User_01893,YouTube,7447,1115,171
User_01894,YouTube,2090,61,419
User_01895,Twitter,3167,76,486
User_01896,Twitter,1331,81,3
User_01897,YouTube,4942,980,301
User_01898,Facebook,3661,178,178
User_01899,Instagram,3973,465,22
User_01900,Facebook,997,162,8
User_01901,Twitter,2549,114,229
User_01902,YouTube,1615,678,61
User_01903,Facebook,4352,118,202
User_01904,YouTube,3306,56,90
User_01905,Twitter,2793,345,491
User_01906,Instagram,4242,206,101
User_01907,Twitter,1321,310,310
User_01908,Instagram,3007,208,77
User_01909,Twitter,1534,199,191
User_01910,Instagram,2381,181,181
User_01911,YouTube,7400,1158,94
User_01912,Facebook,3679,384,108
User_01913,Twitter,1202,85,413
User_01914,Twitter,3004,214,72
User_01915,Instagram,1226,111,157
User_01916,Twitter,2171,173,34
User_01917,Twitter,382,5,210
User_01918,YouTube,6891,368,574
User_01919,Twitter,2929,292,387
User_01920,Facebook,1672,100,215
User_01921,Twitter,1205,285,252
User_01922,Instagram,2523,432,157
User_01923,Twitter,2310,380,238
User_01924,Facebook,259,410,2
User_01925,Facebook,2191,158,246
User_01926,Twitter,528,336,341
User_01927,YouTube,6934,377,508
User_01928,Facebook,273,66,197
User_01929,YouTube,8178,146,618
User_01930,YouTube,9620,994,584
User_01931,Twitter,1076,323,352
User_01932,Twitter,2863,63,192
User_01933,Instagram,2176,88,299
User_01934,Instagram,1247,168,238
User_01935,Facebook,2967,88,15
User_01936,YouTube,6017,869,656
User_01937,YouTube,898,603,303
User_01938,Instagram,4259,104,95
User_01939,Instagram,4955,390,87
User_01940,YouTube,5280,626,282
User_01941,YouTube,1670,1104,598
User_01942,YouTube,2454,36,145
User_01943,YouTube,6211,1003,426
User_01944,YouTube,2771,219,228
User_01945,Facebook,4163,118,214
User_01946,Facebook,4346,438,138
User_01947,Instagram,3468,240,41
User_01948,Instagram,1125,477,10
User_01949,Twitter,1446,161,354
User_01950,YouTube,2377,915,616
User_01951,YouTube,2921,633,34
User_01952,Instagram,1871,70,74
User_01953,Facebook,2558,69,55
User_01954,Facebook,683,222,178
User_01955,Instagram,686,14,249
User_01956,Twitter,194,102,56
User_01957,Instagram,4256,308,32
User_01958,Twitter,507,131,23
User_01959,Instagram,2521,346,7
User_01960,Instagram,1064,476,107
User_01961,Facebook,1553,348,91
User_01962,Instagram,793,79,144
User_01963,YouTube,5870,338,517
User_01964,Facebook,4176,296,19
User_01965,Instagram,4786,395,9
User_01966,Facebook,1609,149,45
User_01967,Instagram,858,478,111
User_01968,Twitter,1521,359,302
User_01969,Facebook,3641,349,247
User_01970,Instagram,1531,432,183
User_01971,Twitter,1757,111,264
User_01972,Facebook,3378,62,196
User_01973,YouTube,2125,964,117
User_01974,Facebook,4101,395,94
User_01975,YouTube,9228,93,89
User_01976,YouTube,8188,246,399
User_01977,YouTube,7586,648,459
User_01978,Facebook,3376,153,220
User_01979,Twitter,793,37,459
User_01980,Twitter,2801,190,92
User_01981,Instagram,4077,349,55
User_01982,Twitter,1814,269,338
User_01983,Instagram,1026,78,204
User_01984,Twitter,2866,304,53
User_01985,Facebook,570,191,52
User_01986,YouTube,3381,837,130
User_01987,Facebook,3519,376,129
User_01988,YouTube,9634,569,664
User_01989,Twitter,1478,245,342
User_01990,Twitter,2004,263,143
User_01991,Facebook,3764,60,33
User_01992,YouTube,8117,1028,241
User_01993,Facebook,283,55,190
User_01994,Instagram,608,260,15
User_01995,Facebook,3174,314,175
User_01996,YouTube,2602,630,641
User_01997,Instagram,676,343,268
User_01998,Twitter,3267,240,104
User_01999,YouTube,8257,1014,521
User_02000,YouTube,8987,713,558
User_02001,Instagram,308,225,62
User_02002,Twitter,1863,163,437
User_02003,Twitter,1832,237,19
User_02004,Instagram,1498,290,157
User_02005,Facebook,4066,225,36
User_02006,YouTube,6474,1008,117
User_02007,Twitter,2723,285,351
User_02008,Twitter,1969,289,438
User_02009,Facebook,4190,33,102
User_02010,YouTube,8205,783,636
User_02011,YouTube,4760,666,67
User_02012,Instagram,4887,28,67
User_02013,YouTube,5815,65,645
User_02014,YouTube,6335,209,443
User_02015,YouTube,5955,853,364
User_02016,Instagram,2050,131,122
User_02017,YouTube,9808,183,72
User_02018,YouTube,1975,701,178
User_02019,Instagram,4460,171,21
User_02020,Twitter,2714,218,291
User_02021,Twitter,1112,12,357
User_02022,Twitter,2428,13,163
User_02023,Twitter,2356,201,166
User_02024,Instagram,4050,56,107
User_02025,YouTube,8238,1039,688
User_02026,YouTube,2830,623,377
User_02027,Twitter,846,256,326
User_02028,Instagram,4439,114,149
User_02029,YouTube,878,618,592
User_02030,Twitter,3315,117,320
User_02031,Instagram,4786,53,174
User_02032,YouTube,1202,1170,548
User_02033,Twitter,1769,109,178
User_02034,Instagram,2522,263,155
User_02035,Twitter,2737,278,161
User_02036,Facebook,3434,210,66
User_02037,Twitter,2770,392,281
User_02038,Facebook,192,326,182
User_02039,Facebook,4129,114,171
User_02040,Twitter,1117,328,273
User_02041,Twitter,2338,374,321
User_02042,Instagram,4328,107,188
User_02043,Twitter,625,125,78
User_02044,YouTube,7233,850,331
User_02045,Instagram,1717,438,213
User_02046,YouTube,4802,338,267
User_02047,Facebook,3364,127,31
User_02048,Facebook,1612,19,64
User_02049,YouTube,7704,1004,578
User_02050,Twitter,1748,333,464
User_02051,Instagram,1704,86,141
User_02052,Facebook,278,137,204
User_02053,YouTube,9122,370,664
User_02054,Instagram,4030,405,12
User_02055,Instagram,737,165,154
User_02056,Instagram,3384,464,188
User_02057,Instagram,3301,487,73
User_02058,Facebook,956,297,190
User_02059,Instagram,4325,345,299
User_02060,YouTube,8233,194,248
User_02061,Instagram,2617,173,201
User_02062,Facebook,3504,116,38
User_02063,Instagram,1484,114,142
User_02064,Twitter,1692,132,442
User_02065,Instagram,4067,278,193
User_02066,Instagram,2642,284,218
User_02067,Twitter,2816,128,494
User_02068,YouTube,2474,753,491
User_02069,YouTube,5149,53,665
User_02070,Instagram,497,358,124
User_02071,YouTube,9155,797,321
User_02072,YouTube,2099,1105,247
User_02073,Twitter,1611,6,466
User_02074,Twitter,1066,156,47
User_02075,Facebook,2476,112,222
User_02076,Facebook,3635,328,83
User_02077,Twitter,3253,19,141
User_02078,Instagram,4077,246,213
User_02079,YouTube,7020,215,169
User_02080,YouTube,8395,145,365
User_02081,Twitter,2486,375,417
User_02082,YouTube,7526,66,58
User_02083,Facebook,3672,410,166
User_02084,Facebook,65,210,53
User_02085,YouTube,5240,1189,89
User_02086,Instagram,1342,132,266
User_02087,Facebook,3401,410,242
User_02088,YouTube,7497,989,141
User_02089,YouTube,2942,680,293
User_02090,Facebook,731,217,96
User_02091,Facebook,3263,198,243
User_02092,Facebook,209,16,238
User_02093,Facebook,768,241,52
User_02094,YouTube,2864,111,415
User_02095,Twitter,2479,135,77
User_02096,Instagram,3064,92,292
User_02097,Instagram,165,372,271
User_02098,Twitter,3187,234,424
User_02099,Twitter,505,116,366
User_02100,Facebook,1600,446,210
User_02101,YouTube,4817,1022,396
User_02102,Facebook,3573,443,54
User_02103,Facebook,2358,377,175
User_02104,Facebook,3466,97,106
User_02105,Facebook,275,153,69
User_02106,Facebook,3734,132,96
User_02107,Twitter,371,7,241
User_02108,Facebook,2688,359,103
User_02109,Facebook,3181,367,110
User_02110,YouTube,1296,205,575
User_02111,Instagram,476,175,122
User_02112,Twitter,1471,312,481
User_02113,Instagram,93,134,260
User_02114,Twitter,1259,204,344
User_02115,YouTube,2266,1155,47
User_02116,Facebook,2172,91,130
User_02117,Twitter,1409,241,68
User_02118,Instagram,2649,368,273
User_02119,Twitter,600,135,60
User_02120,YouTube,823,271,516
User_02121,YouTube,6007,890,294
User_02122,YouTube,4421,1068,325
User_02123,Twitter,695,163,378
User_02124,Twitter,3148,79,285
User_02125,Twitter,237,98,77
User_02126,Instagram,1933,98,20
User_02127,Twitter,1085,85,362
User_02128,Twitter,1807,61,459
User_02129,Twitter,187,228,183
User_02130,Twitter,1894,254,58
User_02131,Facebook,1052,183,25
User_02132,Facebook,2367,97,215
User_02133,Facebook,4207,426,71
User_02134,Facebook,73,274,198
User_02135,Facebook,3451,44,65
User_02136,Twitter,2792,50,455
User_02137,YouTube,525,592,129
User_02138,Twitter,1550,304,476
User_02139,Instagram,2700,83,16
User_02140,Instagram,3820,430,247
User_02141,Twitter,2593,139,305
User_02142,Instagram,2748,27,233
User_02143,YouTube,9425,274,221
User_02144,Instagram,2367,170,30
User_02145,Instagram,4532,492,197
User_02146,Instagram,3317,135,93
User_02147,Facebook,3307,50,7
User_02148,Facebook,1374,203,201
User_02149,Twitter,1187,333,386
User_02150,Facebook,1027,157,127
User_02151,Twitter,3034,160,463
User_02152,Facebook,2981,345,26
User_02153,YouTube,8499,419,506
User_02154,Twitter,1609,245,138
User_02155,Twitter,389,389,217
User_02156,YouTube,3153,899,650
User_02157,Twitter,400,22,263
User_02158,YouTube,7694,469,668
User_02159,Facebook,4097,274,163
User_02160,Instagram,2431,244,225
User_02161,Instagram,3962,158,78
User_02162,Facebook,2500,435,65
User_02163,Twitter,1230,293,25
User_02164,Instagram,419,267,57
User_02165,Twitter,1711,50,238
User_02166,YouTube,5923,531,604
User_02167,Instagram,4174,13,60
User_02168,Twitter,755,95,432
User_02169,Twitter,205,44,214
User_02170,YouTube,5243,941,691
User_02171,Twitter,2575,137,175
User_02172,Facebook,1769,99,22
User_02173,YouTube,1842,898,552
User_02174,Instagram,97,207,61
User_02175,Instagram,1456,340,246
User_02176,Twitter,2853,209,445
User_02177,Twitter,1260,318,417
User_02178,YouTube,6571,629,94
User_02179,Facebook,1146,12,50
User_02180,Instagram,180,361,98
User_02181,Instagram,1764,251,76
User_02182,Facebook,3609,436,162
User_02183,Facebook,745,159,199
User_02184,Twitter,626,244,217
User_02185,Instagram,1004,90,80
User_02186,Twitter,2006,243,11
User_02187,Twitter,2417,126,104
User_02188,YouTube,9429,812,57
User_02189,YouTube,229,220,650
User_02190,Twitter,1722,255,378
User_02191,YouTube,706,1008,414
User_02192,Twitter,2122,304,372
User_02193,Twitter,969,367,32
User_02194,Instagram,3507,300,163
User_02195,Instagram,2244,462,215
User_02196,Twitter,498,255,319
User_02197,YouTube,7445,903,26
User_02198,Facebook,2399,376,51
User_02199,Twitter,1428,226,119
User_02200,Facebook,2818,313,220
User_02201,Twitter,557,152,371
User_02202,Twitter,1727,346,335
User_02203,YouTube,7838,341,641
User_02204,Facebook,2353,358,193
User_02205,Instagram,4005,71,90
User_02206,Facebook,1320,315,127
User_02207,Instagram,3457,487,254
User_02208,YouTube,3945,438,575
User_02209,Instagram,198,188,135
User_02210,YouTube,2698,367,520
User_02211,Instagram,571,177,222
User_02212,Instagram,1907,66,289
User_02213,Facebook,4024,137,89
User_02214,YouTube,864,1150,278
User_02215,Facebook,4262,314,173
User_02216,Instagram,463,479,226
User_02217,Twitter,3467,388,57
User_02218,Instagram,884,426,289
User_02219,Instagram,4205,58,87
User_02220,Instagram,1732,471,187
User_02221,Facebook,2433,367,115
User_02222,Twitter,3020,52,79
User_02223,YouTube,5582,292,130
User_02224,Facebook,3637,217,198
User_02225,Instagram,2059,432,244
User_02226,YouTube,4798,1044,180
User_02227,Instagram,2229,195,214
User_02228,YouTube,4121,320,547
User_02229,Twitter,3244,118,71
User_02230,Twitter,1713,211,460
User_02231,Twitter,2134,351,186
User_02232,Instagram,3675,79,7
User_02233,Instagram,744,178,163
User_02234,Twitter,3183,86,223
User_02235,Instagram,3271,393,20
User_02236,Facebook,513,328,184
User_02237,YouTube,6969,833,571
User_02238,YouTube,5239,714,13
User_02239,YouTube,8747,310,418
User_02240,Twitter,2657,107,455
User_02241,Twitter,2876,178,455
User_02242,Twitter,3196,103,452
User_02243,YouTube,1480,85,555
User_02244,YouTube,6489,268,537
User_02245,YouTube,3601,200,528
User_02246,YouTube,8641,707,655
User_02247,Facebook,231,19,229
User_02248,YouTube,4054,632,437
User_02249,Instagram,541,435,192
User_02250,YouTube,8414,735,131
User_02251,Instagram,1071,234,154
User_02252,Instagram,3762,178,122
User_02253,Facebook,2909,158,74
User_02254,Facebook,3133,271,190
User_02255,Facebook,902,172,134
User_02256,Facebook,2999,237,27
User_02257,Facebook,3527,429,107
User_02258,Instagram,805,36,219
User_02259,Facebook,3941,114,116
User_02260,Instagram,3075,351,271
User_02261,Twitter,2429,288,266
User_02262,Twitter,1100,301,256
User_02263,Twitter,1822,354,477
User_02264,Twitter,3017,215,422
User_02265,Facebook,1222,263,34
User_02266,Twitter,2932,236,67
User_02267,Instagram,1791,238,244
User_02268,Instagram,1334,488,288
User_02269,YouTube,2045,846,117
User_02270,Instagram,3077,297,150
User_02271,Instagram,4332,83,62
User_02272,YouTube,5095,776,315
User_02273,YouTube,8061,67,151
User_02274,Facebook,3495,29,241
User_02275,YouTube,4744,451,192
User_02276,Twitter,28,64,281
User_02277,YouTube,1206,101,432
User_02278,Twitter,2367,160,290
User_02279,Twitter,1403,195,244
User_02280,Facebook,1174,263,164
User_02281,Twitter,3139,232,342
User_02282,Twitter,630,374,167
User_02283,Instagram,3405,203,121
User_02284,Twitter,1408,278,24
User_02285,Twitter,3034,144,331
User_02286,Instagram,1406,367,14
User_02287,YouTube,9292,263,664
User_02288,Instagram,1626,494,279
User_02289,Instagram,4721,272,98
User_02290,Twitter,2078,11,62
User_02291,Facebook,195,145,203
User_02292,Facebook,2049,429,182
User_02293,Twitter,366,275,311
User_02294,YouTube,6683,102,508
User_02295,Instagram,2834,228,94
User_02296,Twitter,118,272,163
User_02297,Twitter,1073,48,59
User_02298,Instagram,4488,91,148
User_02299,Facebook,1536,135,198
User_02300,Instagram,1313,162,210
User_02301,Facebook,522,319,248
User_02302,YouTube,3073,65,64
User_02303,YouTube,6488,212,332
User_02304,Facebook,3421,170,68
User_02305,Twitter,3410,63,27
User_02306,Facebook,2002,390,154
User_02307,Facebook,4078,265,194
User_02308,Twitter,491,139,32
User_02309,YouTube,7715,1142,421
User_02310,Instagram,4016,19,210
User_02311,Facebook,192,142,143
User_02312,Instagram,2067,395,286
User_02313,Facebook,2535,295,106
User_02314,Twitter,363,327,257
User_02315,Facebook,1206,196,140
User_02316,Facebook,2048,280,245
User_02317,Twitter,2293,233,22
User_02318,Instagram,3856,497,150
User_02319,Facebook,44,35,240
User_02320,Twitter,1139,308,129
User_02321,Twitter,1459,325,109
User_02322,YouTube,845,340,551
User_02323,Instagram,2512,50,204
User_02324,Instagram,1194,376,286
User_02325,YouTube,7177,441,630
User_02326,YouTube,5713,545,468
User_02327,YouTube,4129,668,354
User_02328,Facebook,3806,311,86
User_02329,Instagram,1145,335,3
User_02330,Twitter,37,6,345
User_02331,Facebook,3424,289,231
User_02332,Twitter,3143,203,276
User_02333,Instagram,685,280,17
User_02334,Twitter,2773,65,181
User_02335,Twitter,3409,309,184
User_02336,Twitter,745,395,416
User_02337,Instagram,1072,241,191
User_02338,Facebook,3681,9,58
User_02339,Instagram,2353,353,185
User_02340,Facebook,777,422,159
User_02341,YouTube,3723,489,510
User_02342,YouTube,702,584,509
User_02343,Facebook,98,105,212
User_02344,Twitter,474,144,292
User_02345,Twitter,718,284,100
User_02346,Facebook,575,306,34
User_02347,Instagram,1093,137,293
User_02348,Facebook,4325,378,202
User_02349,YouTube,3243,57,699
User_02350,YouTube,9276,939,7
User_02351,Twitter,2645,346,483
User_02352,Instagram,2696,226,210
User_02353,YouTube,2094,1071,482
User_02354,Twitter,1500,266,389
User_02355,Instagram,1889,29,144
User_02356,Twitter,2200,231,162
User_02357,Instagram,3260,104,173
User_02358,Instagram,4734,418,14
User_02359,Facebook,3511,43,236
User_02360,Facebook,1652,89,86
User_02361,YouTube,1129,208,33
User_02362,Twitter,1789,14,304
User_02363,YouTube,4202,516,115
User_02364,Twitter,996,176,427
User_02365,Instagram,2782,271,123
User_02366,Instagram,4964,322,226
User_02367,Instagram,3707,301,65
User_02368,Instagram,547,474,19
User_02369,Twitter,1303,357,34
User_02370,Facebook,547,415,115
User_02371,Instagram,2519,317,223
User_02372,Instagram,884,351,30
User_02373,Instagram,2465,440,197
User_02374,Twitter,412,318,386
User_02375,Twitter,974,308,404
User_02376,Instagram,3764,201,239
User_02377,Twitter,2560,319,52
User_02378,YouTube,525,939,534
User_02379,YouTube,9730,404,115
User_02380,Instagram,150,309,36
User_02381,Facebook,1072,331,132
User_02382,YouTube,5922,872,497
User_02383,Twitter,781,126,71
User_02384,Instagram,545,70,161
User_02385,Twitter,2121,335,387
User_02386,YouTube,5198,1118,154
User_02387,Facebook,3886,163,156
User_02388,YouTube,4868,765,13
User_02389,Facebook,509,126,131
User_02390,Instagram,3507,181,102
User_02391,Facebook,1688,407,19
User_02392,YouTube,3202,984,483
User_02393,YouTube,9576,1169,348
User_02394,YouTube,6959,683,171
User_02395,Instagram,3771,453,23
User_02396,Twitter,918,3,328
User_02397,Facebook,1926,243,161
User_02398,Facebook,1998,251,190
User_02399,YouTube,6258,430,414
User_02400,Facebook,95,190,4
User_02401,Instagram,2981,20,286
User_02402,Instagram,1216,153,227
User_02403,Facebook,2988,27,9
User_02404,Facebook,1660,150,46
User_02405,Facebook,2186,373,46
User_02406,YouTube,9185,513,187
User_02407,Facebook,216,95,217
User_02408,YouTube,1757,52,698
User_02409,Facebook,3144,340,203
User_02410,Instagram,2822,484,109
User_02411,YouTube,7574,501,383
User_02412,YouTube,2907,1089,643
User_02413,Twitter,2932,35,61
User_02414,Facebook,1111,411,50
User_02415,Facebook,4402,198,179
User_02416,YouTube,5309,889,656
User_02417,Facebook,418,395,159
User_02418,Facebook,4426,155,204
User_02419,Facebook,2724,131,15
User_02420,YouTube,2171,1050,603
User_02421,Twitter,877,374,42
User_02422,Twitter,3259,341,315
User_02423,Instagram,1421,265,200
User_02424,YouTube,8268,1072,480
User_02425,Facebook,2676,369,97
User_02426,Twitter,2951,255,243
User_02427,YouTube,9622,831,658
User_02428,Instagram,1747,117,105
User_02429,Twitter,980,204,112
User_02430,YouTube,7063,782,590
User_02431,Facebook,3104,135,142
User_02432,Instagram,1150,389,45
User_02433,YouTube,7382,1072,365
User_02434,Facebook,377,243,133
User_02435,YouTube,7081,933,483
User_02436,Twitter,1695,190,412
User_02437,Twitter,1318,141,196
User_02438,Instagram,1521,231,121
User_02439,YouTube,1343,745,89
User_02440,YouTube,8320,1060,564
User_02441,Instagram,2314,479,118
User_02442,Instagram,1021,41,186
User_02443,Instagram,4523,107,172
User_02444,Facebook,2737,133,79
User_02445,YouTube,3223,292,561
User_02446,YouTube,239,623,293
User_02447,YouTube,6716,840,598
User_02448,Instagram,3916,339,264
User_02449,Facebook,3296,121,60
User_02450,Facebook,3926,124,134
User_02451,Twitter,2979,238,175
User_02452,Instagram,2614,438,98
User_02453,Twitter,3174,359,214
User_02454,Facebook,3633,235,220
User_02455,Instagram,3119,76,297
User_02456,Facebook,2543,382,4
User_02457,Twitter,3339,339,428
User_02458,YouTube,5667,471,434
User_02459,Twitter,2828,387,207
User_02460,YouTube,5442,57,586
User_02461,Instagram,1189,83,171
User_02462,Twitter,1581,106,486
User_02463,Twitter,280,275,198
User_02464,Facebook,3929,60,86
User_02465,Twitter,2637,157,48
User_02466,Facebook,894,350,143
User_02467,Facebook,302,428,178
User_02468,Twitter,129,97,102
User_02469,Instagram,3211,150,107
User_02470,Facebook,2424,342,136
User_02471,Instagram,3774,34,190
User_02472,Instagram,1457,172,212
User_02473,Twitter,663,58,67
User_02474,Twitter,1978,382,36
User_02475,Twitter,865,68,446
User_02476,Facebook,2577,226,211
User_02477,Twitter,670,311,295
User_02478,YouTube,9725,425,519
User_02479,Twitter,1148,105,4
User_02480,Facebook,3691,37,213
User_02481,Twitter,2497,128,270
User_02482,YouTube,9426,1015,476
User_02483,Twitter,2379,22,378
User_02484,Instagram,2408,335,235
User_02485,YouTube,4973,810,632
User_02486,Facebook,3440,132,47
User_02487,Twitter,1895,198,467
User_02488,Facebook,822,206,180
User_02489,Instagram,2013,458,82
User_02490,YouTube,8910,607,687
User_02491,Instagram,1829,470,254
User_02492,Twitter,3140,285,63
User_02493,YouTube,1353,225,521
User_02494,YouTube,6819,933,173
User_02495,YouTube,3497,1046,50
User_02496,Twitter,129,39,328
User_02497,Twitter,1581,177,382
User_02498,Twitter,816,205,20
User_02499,Instagram,2102,63,71
User_02500,YouTube,7706,1002,477
User_02501,Instagram,726,285,126
User_02502,Twitter,594,243,421
User_02503,YouTube,2743,359,23
User_02504,Instagram,1501,155,65
User_02505,Twitter,709,41,344
User_02506,Instagram,2288,83,227
User_02507,YouTube,3015,453,40
User_02508,Facebook,3661,361,14
User_02509,Instagram,3249,358,159
User_02510,Twitter,234,308,3
User_02511,Instagram,3141,397,105
User_02512,Facebook,3109,127,53
User_02513,Instagram,181,220,16
User_02514,Instagram,2811,425,100
User_02515,Instagram,1856,495,51
User_02516,Facebook,1408,27,108
User_02517,Instagram,2729,170,289
User_02518,Facebook,1736,282,103
User_02519,Twitter,514,120,110
User_02520,Instagram,2971,170,90
User_02521,Instagram,3344,339,163
User_02522,Instagram,3238,113,236
User_02523,Facebook,580,341,210
User_02524,YouTube,6145,99,73
User_02525,Facebook,3407,159,198
User_02526,Twitter,437,366,275
User_02527,Facebook,2103,53,155
User_02528,YouTube,6466,282,345
User_02529,Facebook,2644,440,172
User_02530,Twitter,296,173,10
User_02531,Twitter,1586,263,328
User_02532,Facebook,4164,305,182
User_02533,Instagram,1955,15,65
User_02534,YouTube,3973,887,254
User_02535,Instagram,540,75,193
User_02536,Twitter,1234,105,78
User_02537,Twitter,857,330,20
User_02538,Facebook,3675,383,226
User_02539,YouTube,2299,579,330
User_02540,Instagram,4316,410,214
User_02541,YouTube,488,479,344
User_02542,YouTube,4069,431,557
User_02543,Instagram,2084,415,115
User_02544,Twitter,2155,166,94
User_02545,Twitter,2599,5,34
User_02546,Twitter,306,100,27
User_02547,Facebook,1712,69,25
User_02548,Facebook,1714,125,131
User_02549,Instagram,3541,376,241
User_02550,YouTube,2789,414,255
User_02551,Twitter,742,312,128
User_02552,YouTube,4775,1190,464
User_02553,Facebook,2267,446,202
User_02554,Twitter,347,186,204
User_02555,Twitter,707,243,226
User_02556,Twitter,2089,314,377
User_02557,Twitter,3134,81,420
User_02558,Twitter,101,392,196
User_02559,Twitter,360,390,465
User_02560,YouTube,9851,1110,161
User_02561,Facebook,2147,199,120
User_02562,YouTube,7531,590,389
User_02563,Twitter,314,172,70
User_02564,Twitter,821,81,470
User_02565,Facebook,74,11,222
User_02566,YouTube,8151,838,430
User_02567,Twitter,3060,193,197
User_02568,Twitter,1280,330,302
User_02569,Instagram,3398,458,21
User_02570,Instagram,3202,482,291
User_02571,Facebook,1631,395,113
User_02572,YouTube,5811,1053,505
User_02573,YouTube,1045,799,439
User_02574,Facebook,2025,249,10
User_02575,YouTube,562,312,272
User_02576,Twitter,2809,77,131
User_02577,Facebook,1362,11,31
User_02578,Instagram,3198,208,43
User_02579,Facebook,3504,89,214
User_02580,Twitter,1055,356,155
User_02581,Twitter,2420,159,376
User_02582,Twitter,3102,374,446
User_02583,Instagram,945,330,295
User_02584,YouTube,2438,560,219
User_02585,Twitter,2883,159,4
User_02586,Facebook,4068,5,26
User_02587,Instagram,3472,273,215
User_02588,YouTube,7160,359,185
User_02589,YouTube,3153,285,207
User_02590,Twitter,765,259,486
User_02591,Instagram,3741,295,110
User_02592,Facebook,1686,35,193
User_02593,Facebook,1611,137,232
User_02594,Twitter,1825,322,468
User_02595,Instagram,1410,45,152
User_02596,Instagram,3144,68,143
User_02597,Instagram,2852,20,122
User_02598,Twitter,2007,346,390
User_02599,Instagram,127,36,138
User_02600,Instagram,4821,409,23
User_02601,Instagram,1779,272,5
User_02602,Twitter,2489,268,493
User_02603,YouTube,8061,979,350
User_02604,Twitter,1398,191,350
User_02605,YouTube,5264,500,374
User_02606,Twitter,1570,314,30
User_02607,YouTube,5510,215,8
User_02608,Twitter,2880,207,372
User_02609,Facebook,250,313,33
User_02610,YouTube,4172,764,467
User_02611,Twitter,2129,213,339
User_02612,Facebook,65,331,247
User_02613,YouTube,372,747,51
User_02614,YouTube,7379,488,626
User_02615,Twitter,1659,380,314
User_02616,Instagram,2903,224,245
User_02617,Instagram,3202,155,101
User_02618,Facebook,4300,297,202
User_02619,Instagram,1097,259,46
User_02620,YouTube,9090,966,177
User_02621,Twitter,493,248,340
User_02622,Facebook,2033,113,45
User_02623,Instagram,914,227,16
User_02624,Facebook,2714,201,198
User_02625,YouTube,3710,537,686
User_02626,Twitter,2766,65,341
User_02627,Facebook,4418,329,187
User_02628,Twitter,390,356,171
User_02629,Facebook,569,334,89
User_02630,Twitter,2958,382,377
User_02631,Twitter,2698,330,402
User_02632,Twitter,3331,121,115
User_02633,YouTube,1995,605,94
User_02634,Instagram,780,179,98
User_02635,Instagram,4742,193,67
User_02636,YouTube,6329,1191,6
User_02637,YouTube,1113,1106,199
User_02638,Twitter,1755,165,395
User_02639,YouTube,2169,1074,684
User_02640,Facebook,913,207,4
User_02641,Twitter,1314,76,418
User_02642,YouTube,3686,1033,471
User_02643,Facebook,2361,79,193
User_02644,Instagram,4956,168,160
User_02645,Instagram,2290,439,295
User_02646,Twitter,2604,112,254
User_02647,YouTube,6271,130,346
User_02648,Facebook,1765,439,189
User_02649,Facebook,470,448,200
User_02650,Facebook,4033,377,102
User_02651,YouTube,2708,54,566
User_02652,Twitter,1402,218,348
User_02653,Twitter,1446,389,201
User_02654,Twitter,314,272,373
User_02655,YouTube,4726,409,566
User_02656,Twitter,418,69,166
User_02657,Instagram,2540,239,85
User_02658,Facebook,3659,361,125
User_02659,YouTube,2472,439,228
User_02660,Facebook,114,190,187
User_02661,Instagram,1259,197,220
User_02662,Facebook,501,54,93
User_02663,Twitter,755,28,61
User_02664,YouTube,9822,898,157
User_02665,Twitter,1023,19,61
User_02666,Facebook,3289,255,79
User_02667,Facebook,3115,402,179
User_02668,Instagram,3848,447,197
User_02669,YouTube,7392,762,16
User_02670,Instagram,1005,47,64
User_02671,Twitter,2647,344,466
User_02672,Facebook,228,305,148
User_02673,Twitter,1141,357,382
User_02674,Instagram,4906,97,198
User_02675,Twitter,2660,361,223
User_02676,YouTube,9462,266,106
User_02677,YouTube,1140,1110,194
User_02678,Twitter,3349,360,11
User_02679,Twitter,2297,276,402
User_02680,Twitter,281,267,429
User_02681,Instagram,1749,499,62
User_02682,Facebook,1514,7,144
User_02683,Twitter,3298,162,63
User_02684,Instagram,1105,299,107
User_02685,Facebook,759,292,67
User_02686,Instagram,743,68,261
User_02687,YouTube,6056,1124,180
User_02688,Twitter,2715,2,128
User_02689,YouTube,856,1073,305
User_02690,Twitter,592,297,252
User_02691,YouTube,8663,731,625
User_02692,Facebook,851,344,211
User_02693,Instagram,1992,23,98
User_02694,Facebook,2495,443,215
User_02695,Facebook,1139,313,143
User_02696,Facebook,2981,147,34
User_02697,Twitter,324,283,131
User_02698,YouTube,6355,344,414
User_02699,Twitter,361,132,347
User_02700,Twitter,2864,75,275
User_02701,Facebook,618,327,189
User_02702,YouTube,3256,772,582
User_02703,Facebook,3478,425,41
User_02704,YouTube,7204,786,31
User_02705,Facebook,675,143,33
User_02706,Instagram,4542,213,35
User_02707,YouTube,1557,753,346
User_02708,YouTube,2497,472,285
User_02709,Instagram,852,198,115
User_02710,Twitter,450,65,90
User_02711,YouTube,9747,1012,102
User_02712,YouTube,9474,587,569
User_02713,YouTube,1723,108,179
User_02714,YouTube,6482,380,358
User_02715,Twitter,1973,305,66
User_02716,YouTube,255,1061,164
User_02717,Facebook,1208,198,147
User_02718,YouTube,966,768,260
User_02719,Twitter,2914,236,94
User_02720,Twitter,1469,241,258
User_02721,YouTube,4619,886,538
User_02722,Facebook,2540,330,221
User_02723,Instagram,2553,213,162
User_02724,Instagram,701,44,124
User_02725,Instagram,1402,299,31
User_02726,Instagram,2391,288,254
User_02727,Instagram,3523,351,262
User_02728,Facebook,3969,259,133
User_02729,Instagram,3371,12,99
User_02730,Instagram,3531,364,275
User_02731,YouTube,4101,1091,628
User_02732,Instagram,3725,498,88
User_02733,Facebook,1472,43,95
User_02734,Facebook,4248,185,245
User_02735,Instagram,3512,258,196
User_02736,Facebook,3097,62,88
User_02737,Facebook,4456,440,198
User_02738,Instagram,2426,158,249
User_02739,YouTube,4437,446,7
User_02740,Twitter,910,158,476
User_02741,Instagram,3843,461,251
User_02742,Instagram,2964,8,237
User_02743,YouTube,4988,734,114
User_02744,Instagram,2914,460,97
User_02745,Twitter,1472,6,52
User_02746,Twitter,2035,103,44
User_02747,Facebook,3404,68,235
User_02748,Twitter,48,81,394
User_02749,YouTube,3804,973,409
User_02750,YouTube,5003,756,443
User_02751,Facebook,4434,420,70
User_02752,Instagram,3642,341,226
User_02753,Facebook,1185,186,193
User_02754,Twitter,43,185,453
User_02755,Facebook,946,102,74
User_02756,Instagram,1145,207,217
User_02757,YouTube,617,338,687
User_02758,Facebook,3966,345,70
User_02759,Instagram,3499,255,283
User_02760,Twitter,3296,351,366
User_02761,Facebook,2701,389,197
User_02762,Twitter,2075,373,473
User_02763,Twitter,558,58,491
User_02764,Instagram,223,69,81
User_02765,YouTube,8292,37,247
User_02766,Instagram,2852,224,6
User_02767,Twitter,1986,150,145
User_02768,Twitter,358,391,220
User_02769,Facebook,1289,378,132
User_02770,Facebook,2083,148,198
User_02771,Instagram,2208,363,128
User_02772,Twitter,832,244,362
User_02773,Instagram,4165,317,94
User_02774,Facebook,1258,122,32
User_02775,Facebook,3327,24,72
User_02776,Facebook,1237,223,6
User_02777,Facebook,784,447,15
User_02778,Twitter,1688,270,157
User_02779,Facebook,1856,177,111
User_02780,Twitter,271,263,219
User_02781,Instagram,2542,61,139
User_02782,YouTube,4696,728,433
User_02783,Facebook,2660,29,48
User_02784,Instagram,54,31,166
User_02785,Facebook,2377,246,73
User_02786,Instagram,3579,99,131
User_02787,Twitter,1509,173,156
User_02788,Instagram,843,347,8
User_02789,Facebook,2753,189,191
User_02790,YouTube,9748,1093,624
User_02791,YouTube,4003,575,220
User_02792,Twitter,377,56,67
User_02793,Instagram,386,305,99
User_02794,Facebook,3691,55,21
User_02795,YouTube,5039,981,211
User_02796,Facebook,398,70,51
User_02797,Twitter,2274,366,130
User_02798,YouTube,6096,928,649
User_02799,Instagram,3622,39,249
User_02800,Twitter,2165,259,405
User_02801,Instagram,1417,311,142
User_02802,Facebook,2412,28,246
User_02803,Instagram,1608,384,205
User_02804,Twitter,2824,274,446
User_02805,Instagram,1405,229,262
User_02806,Twitter,2323,201,206
User_02807,YouTube,3490,386,8
User_02808,Facebook,1824,308,180
User_02809,Instagram,4250,238,259
User_02810,YouTube,5071,461,308
User_02811,YouTube,9146,253,180
User_02812,Facebook,413,278,62
User_02813,YouTube,740,313,289
User_02814,Facebook,2255,409,15
User_02815,Facebook,1760,278,31
User_02816,Instagram,2896,328,190
User_02817,YouTube,1463,1134,275
User_02818,Facebook,3385,318,77
User_02819,YouTube,1038,31,369
User_02820,Facebook,2331,95,67
User_02821,Instagram,4452,341,300
User_02822,Instagram,3179,489,133
User_02823,Facebook,3662,117,85
User_02824,YouTube,3441,819,164
User_02825,Twitter,969,375,372
User_02826,Twitter,1529,77,462
User_02827,Twitter,403,255,93
User_02828,Twitter,777,92,97
User_02829,Twitter,3007,94,332
User_02830,YouTube,444,645,171
User_02831,Facebook,3269,356,157
User_02832,Facebook,608,78,20
User_02833,Twitter,1024,234,466
User_02834,Twitter,430,372,270
User_02835,Facebook,136,313,27
User_02836,Twitter,1592,12,57
User_02837,Instagram,408,72,129
User_02838,Instagram,2242,78,8
User_02839,Instagram,921,282,175
User_02840,Instagram,1707,76,247
User_02841,Twitter,3360,85,158
User_02842,YouTube,7946,326,254
User_02843,Instagram,4502,359,138
User_02844,Instagram,223,427,24
User_02845,Instagram,4511,156,54
User_02846,Twitter,600,2,468
User_02847,Facebook,236,121,111
User_02848,Twitter,623,182,336
User_02849,YouTube,3800,797,120
User_02850,Twitter,714,58,115
User_02851,Instagram,2358,187,41
User_02852,YouTube,2039,748,91
User_02853,Instagram,1287,96,221
User_02854,YouTube,9924,381,700
User_02855,Twitter,635,343,352
User_02856,YouTube,4802,723,111
User_02857,YouTube,8279,765,276
User_02858,Instagram,67,446,78
User_02859,Facebook,2663,80,101
User_02860,Twitter,2974,246,418
User_02861,Instagram,977,300,220
User_02862,YouTube,2470,195,335
User_02863,Facebook,1529,397,100
User_02864,YouTube,5331,1022,439
User_02865,Twitter,2860,213,309
User_02866,YouTube,2364,513,397
User_02867,Twitter,2270,256,276
User_02868,Twitter,2201,276,421
User_02869,Facebook,3190,47,150
User_02870,Twitter,2178,297,398
User_02871,Facebook,754,125,94
User_02872,Instagram,1715,440,10
User_02873,YouTube,9248,980,141
User_02874,Instagram,538,471,180
User_02875,YouTube,2383,613,476
User_02876,Facebook,3489,129,55
User_02877,Facebook,497,387,37
User_02878,Instagram,1222,198,15
User_02879,Twitter,1542,29,360
User_02880,Instagram,4814,42,246
User_02881,Facebook,287,80,95
User_02882,Facebook,687,130,21
User_02883,Instagram,4712,430,215
User_02884,Facebook,1534,245,192
User_02885,Facebook,4360,362,244
User_02886,YouTube,7803,852,350
User_02887,Twitter,3220,332,356
User_02888,Instagram,2399,61,81
User_02889,Instagram,313,314,90
User_02890,Facebook,129,207,215
User_02891,Twitter,2804,234,284
User_02892,YouTube,9472,1037,318
User_02893,Facebook,3510,85,71
User_02894,Instagram,4322,198,66
User_02895,Facebook,3320,321,16
User_02896,Facebook,3253,99,212
User_02897,Instagram,3887,249,162
User_02898,Twitter,3408,196,85
User_02899,Instagram,3093,336,219
User_02900,Facebook,2251,60,28
User_02901,Instagram,3021,313,173
User_02902,Instagram,2012,149,85
User_02903,Instagram,585,113,7
User_02904,YouTube,3175,1139,211
User_02905,Instagram,2018,142,45
User_02906,Instagram,4668,409,249
User_02907,Instagram,443,166,49
User_02908,YouTube,238,740,294
User_02909,Twitter,2068,101,162
User_02910,Twitter,2992,184,499
User_02911,Facebook,837,174,106
User_02912,Instagram,4163,418,78
User_02913,Instagram,4860,412,197
User_02914,Twitter,2421,21,149
User_02915,Facebook,1281,354,120
User_02916,Instagram,814,492,120
User_02917,Facebook,1193,398,185
User_02918,Facebook,4149,269,188
User_02919,YouTube,7431,278,352
User_02920,YouTube,6003,892,45
User_02921,Twitter,999,108,313
User_02922,Instagram,1298,295,256
User_02923,Instagram,172,78,160
User_02924,Instagram,4137,53,234
User_02925,YouTube,2880,615,170
User_02926,Instagram,2344,300,188
User_02927,YouTube,1561,155,188
User_02928,Twitter,1076,244,132
User_02929,Twitter,2683,73,482
User_02930,Instagram,4709,254,22
User_02931,YouTube,4796,831,423
User_02932,Facebook,3651,192,133
User_02933,YouTube,6222,180,428
User_02934,Twitter,1096,351,22
User_02935,Instagram,2055,363,289
User_02936,Instagram,1316,441,55
User_02937,YouTube,6257,334,588
User_02938,Twitter,318,116,199
User_02939,Twitter,2760,49,179
User_02940,Twitter,1938,330,274
User_02941,Twitter,466,45,93
User_02942,Instagram,3301,398,223
User_02943,Facebook,3329,173,18
User_02944,YouTube,5710,1005,222
User_02945,Twitter,488,144,233
User_02946,Instagram,4515,84,242
User_02947,Facebook,1788,168,147
User_02948,Instagram,4974,401,196
User_02949,Instagram,3011,409,222
User_02950,Twitter,894,29,109
User_02951,Instagram,3514,143,131
User_02952,Facebook,724,77,19
User_02953,YouTube,6736,177,310
User_02954,Twitter,1739,270,110
User_02955,YouTube,3115,120,99
User_02956,Twitter,1420,387,153
User_02957,Facebook,1666,183,243
User_02958,Twitter,1992,245,275
User_02959,Facebook,3618,186,235
User_02960,Twitter,3391,7,288
User_02961,Facebook,677,375,172
User_02962,Facebook,2692,345,212
User_02963,YouTube,332,318,474
User_02964,Facebook,4131,447,83
User_02965,Instagram,3379,139,268
User_02966,Instagram,3740,487,66
User_02967,Twitter,2637,298,50
User_02968,Instagram,1840,386,98
User_02969,Twitter,2872,281,397
User_02970,Facebook,3132,115,91
User_02971,Facebook,1605,352,149
User_02972,Instagram,3083,421,188
User_02973,Instagram,2523,464,159
User_02974,Instagram,4138,337,235
User_02975,Twitter,1700,182,181
User_02976,Twitter,2162,393,172
User_02977,Instagram,1490,239,221
User_02978,YouTube,2998,1142,614
User_02979,Facebook,4486,228,99
User_02980,YouTube,7267,590,640
User_02981,Instagram,767,417,55
User_02982,Instagram,184,320,212
User_02983,Instagram,4116,388,280
User_02984,Instagram,3688,262,299
User_02985,Instagram,2424,441,217
User_02986,Facebook,1865,402,118
User_02987,Twitter,488,102,439
User_02988,Twitter,529,181,496
User_02989,Twitter,1711,332,361
User_02990,Twitter,51,193,401
User_02991,Facebook,4197,150,70
User_02992,YouTube,5136,859,694
User_02993,Facebook,74,217,10
User_02994,Instagram,265,83,193
User_02995,YouTube,5590,359,590
User_02996,Twitter,1010,286,499
User_02997,Twitter,809,317,330
User_02998,Twitter,3413,28,411
User_02999,Twitter,547,327,200
User_03000,Facebook,3342,167,134
User_03001,Facebook,3623,123,27
User_03002,Facebook,4170,65,163
User_03003,Twitter,3473,392,322
User_03004,YouTube,9158,335,335
User_03005,Facebook,803,52,8
User_03006,Twitter,67,323,395
User_03007,Facebook,267,321,183
User_03008,Instagram,4734,200,14
User_03009,Facebook,3756,329,163
User_03010,YouTube,3156,500,673
User_03011,Facebook,2472,104,139
User_03012,Facebook,3137,399,68
User_03013,Instagram,2302,47,75
User_03014,Instagram,4796,448,54
User_03015,Instagram,3811,479,64
User_03016,Instagram,1211,149,136
User_03017,Facebook,800,44,128
User_03018,YouTube,3507,810,108
User_03019,Twitter,3278,13,212
User_03020,Instagram,4035,496,41
User_03021,Facebook,3479,197,229
User_03022,YouTube,7487,339,189
User_03023,YouTube,266,375,680
User_03024,Instagram,1010,180,179
User_03025,Twitter,2534,309,280
User_03026,Instagram,1347,272,132
User_03027,Instagram,1629,315,17
User_03028,Instagram,4293,267,80
User_03029,Facebook,3029,63,232
User_03030,Facebook,281,172,37
User_03031,Facebook,723,377,179
User_03032,Facebook,2232,145,125
User_03033,Facebook,793,183,183
User_03034,YouTube,7752,1025,451
User_03035,Twitter,810,130,89
User_03036,Facebook,2342,206,28
User_03037,YouTube,2814,431,504
User_03038,Twitter,1847,218,306
User_03039,YouTube,5322,230,626
User_03040,Twitter,1778,104,291
User_03041,YouTube,6226,141,465
User_03042,Facebook,316,266,66
User_03043,Twitter,1222,311,424
User_03044,YouTube,6625,71,122
User_03045,Facebook,2683,224,204
User_03046,Facebook,2970,130,20
User_03047,Facebook,3084,195,39
User_03048,YouTube,2103,29,331
User_03049,Instagram,2744,114,240
User_03050,YouTube,3911,1160,72
User_03051,Twitter,1181,310,109
User_03052,Facebook,883,292,73
User_03053,Instagram,4751,462,217
User_03054,Twitter,1321,165,102
User_03055,Facebook,446,415,128
User_03056,Twitter,211,142,216
User_03057,Instagram,1066,236,89
User_03058,YouTube,9785,794,247
User_03059,Instagram,2385,14,296
User_03060,Instagram,3832,150,69
User_03061,Twitter,171,275,471
User_03062,Instagram,2813,335,10
User_03063,Instagram,3899,53,214
User_03064,YouTube,4600,659,359
User_03065,Twitter,346,286,397
User_03066,YouTube,8190,106,407
User_03067,YouTube,7547,1020,661
User_03068,Instagram,3113,485,54
User_03069,Instagram,1885,29,7
User_03070,Facebook,901,170,222
User_03071,Twitter,947,89,46
User_03072,Facebook,3061,422,233
User_03073,Instagram,480,137,24
User_03074,Instagram,443,489,157
User_03075,Instagram,2210,173,196
User_03076,YouTube,2890,292,602
User_03077,Twitter,511,66,164
User_03078,Facebook,3425,331,116
User_03079,Instagram,4324,275,125
User_03080,Twitter,2728,252,500
User_03081,YouTube,5374,998,236
User_03082,Instagram,2211,397,153
User_03083,Instagram,2941,290,126
User_03084,Facebook,679,43,250
User_03085,Twitter,266,110,7
User_03086,Facebook,3875,424,100
User_03087,Facebook,4034,58,89
User_03088,Facebook,4362,268,221
User_03089,YouTube,5208,939,676
User_03090,Facebook,4172,59,236
User_03091,Facebook,1832,191,100
User_03092,Twitter,2561,264,104
User_03093,Twitter,789,37,143
User_03094,Twitter,692,353,158
User_03095,Instagram,1256,241,56
User_03096,Instagram,2020,13,237
User_03097,Facebook,2225,19,123
User_03098,Twitter,1461,137,61
User_03099,Instagram,2953,225,110
User_03100,Facebook,3291,262,112
User_03101,YouTube,970,913,284
User_03102,YouTube,1702,110,669
User_03103,Twitter,3018,218,100
User_03104,YouTube,3203,834,185
User_03105,YouTube,8776,1020,536
User_03106,Twitter,467,350,26
User_03107,Facebook,949,117,31
User_03108,Instagram,342,299,138
User_03109,Facebook,579,277,27
User_03110,YouTube,3810,838,406
User_03111,Twitter,434,114,376
User_03112,YouTube,8212,431,180
User_03113,Facebook,2887,331,75
User_03114,YouTube,150,203,194
User_03115,Twitter,3047,158,437
User_03116,Facebook,1434,166,176
User_03117,Instagram,1415,100,172
User_03118,Twitter,600,8,342
User_03119,Twitter,1772,173,11
User_03120,Facebook,2201,44,45
User_03121,Instagram,4916,185,244
User_03122,Instagram,4050,452,128
User_03123,Twitter,468,25,420
User_03124,Instagram,4697,353,150
User_03125,Facebook,4343,262,44
User_03126,Facebook,809,56,79
User_03127,YouTube,7515,1014,364
User_03128,YouTube,8070,529,378
User_03129,Twitter,75,182,155
User_03130,YouTube,8584,1001,120
User_03131,YouTube,8608,52,156
User_03132,Twitter,922,339,73
User_03133,YouTube,8256,73,255
User_03134,Twitter,1492,107,382
User_03135,Instagram,1637,476,195
User_03136,Instagram,2293,454,280
User_03137,Twitter,2178,91,136
User_03138,YouTube,5526,810,608
User_03139,Twitter,1151,160,98
User_03140,Instagram,4797,271,177
User_03141,Instagram,3600,412,234
User_03142,YouTube,4825,235,13
User_03143,Twitter,2827,77,239
User_03144,Facebook,4325,153,161
User_03145,Facebook,2527,254,75
User_03146,Instagram,2464,12,234
User_03147,Instagram,1830,149,65
User_03148,Instagram,4050,161,4
User_03149,Twitter,1462,340,428
User_03150,Instagram,458,133,72
User_03151,YouTube,4741,1038,686
User_03152,Facebook,744,370,71
User_03153,Facebook,1651,226,151
User_03154,Instagram,2432,117,18
User_03155,Twitter,1472,129,416
User_03156,Twitter,1750,206,496
User_03157,Instagram,2190,476,156
User_03158,YouTube,2939,1164,451
User_03159,YouTube,9572,295,209
User_03160,YouTube,2323,862,572
User_03161,Facebook,2506,161,23
User_03162,YouTube,9384,954,563
User_03163,Facebook,3119,405,226
User_03164,Twitter,413,72,270
User_03165,Twitter,2863,162,258
User_03166,YouTube,7773,735,442
User_03167,Twitter,1742,212,237
User_03168,Instagram,4628,18,217
User_03169,Instagram,1201,319,156
User_03170,Facebook,4235,196,34
User_03171,YouTube,977,814,133
User_03172,Twitter,2764,5,237
User_03173,Twitter,3457,29,44
User_03174,Instagram,2263,429,56
User_03175,YouTube,9837,209,302
User_03176,Twitter,2848,171,443
User_03177,Instagram,1044,384,263
User_03178,Instagram,1729,269,75
User_03179,Twitter,578,116,459
User_03180,Facebook,2504,326,81
User_03181,Instagram,4022,324,104
User_03182,Instagram,600,5,80
User_03183,Instagram,4308,54,128
User_03184,Facebook,888,247,8
User_03185,Twitter,1620,30,475
User_03186,Instagram,2506,212,249
User_03187,Facebook,1964,435,219
User_03188,YouTube,7294,262,447
User_03189,Facebook,217,99,38
User_03190,Facebook,1438,266,191
User_03191,Facebook,3940,250,76
User_03192,YouTube,1738,1019,381
User_03193,YouTube,6509,800,114
User_03194,Twitter,1727,219,76
User_03195,Instagram,2371,239,63
User_03196,Twitter,65,299,156
User_03197,Instagram,3691,26,183
User_03198,Facebook,3873,375,119
User_03199,YouTube,249,334,371
User_03200,Facebook,2897,366,136
User_03201,Twitter,2121,34,90
User_03202,Facebook,2922,340,186
User_03203,YouTube,7628,296,290
User_03204,YouTube,6554,149,665
User_03205,Twitter,1562,243,311
User_03206,Facebook,4193,402,170
User_03207,YouTube,2220,673,607
User_03208,YouTube,9676,836,74
User_03209,Instagram,291,441,83
User_03210,Facebook,830,345,29
User_03211,Twitter,2802,245,166
User_03212,Facebook,1978,58,232
User_03213,Facebook,3186,391,109
User_03214,Instagram,557,318,130
User_03215,Instagram,356,438,39
User_03216,Twitter,3146,193,311
User_03217,Instagram,1475,169,57
User_03218,Twitter,1566,70,327
User_03219,Facebook,1643,134,127
User_03220,Twitter,2800,148,116
User_03221,Facebook,1367,227,210
User_03222,Facebook,744,303,8
User_03223,Instagram,1717,22,73
User_03224,Instagram,2995,401,210
User_03225,Instagram,2841,99,272
User_03226,Twitter,798,108,293
User_03227,Twitter,2071,182,183
User_03228,Facebook,590,229,111
User_03229,Twitter,310,293,41
User_03230,Facebook,4277,157,27
User_03231,Instagram,4135,123,28
User_03232,YouTube,469,468,301
User_03233,YouTube,6496,742,74
User_03234,Facebook,2399,43,138
User_03235,Facebook,4281,317,130
User_03236,YouTube,6640,126,564
User_03237,Instagram,4824,246,136
User_03238,Instagram,314,178,217
User_03239,YouTube,3385,695,65
User_03240,Facebook,1713,285,211
User_03241,YouTube,1121,492,510
User_03242,Instagram,4669,468,20
User_03243,YouTube,1259,862,617
User_03244,Instagram,4567,250,68
User_03245,YouTube,783,223,41
User_03246,Twitter,2099,117,333
User_03247,YouTube,7169,988,315
User_03248,Facebook,215,33,8
User_03249,Facebook,4416,316,222
User_03250,Twitter,2813,352,378
User_03251,Instagram,4576,251,28
User_03252,Twitter,3156,195,357
User_03253,Facebook,3560,364,111
User_03254,Facebook,986,229,32
User_03255,YouTube,5863,406,356
User_03256,Twitter,257,123,119
User_03257,Instagram,4871,10,118
User_03258,Twitter,3081,387,455
User_03259,Instagram,172,452,129
User_03260,Instagram,677,34,66
User_03261,Twitter,759,146,23
User_03262,YouTube,5828,510,304
User_03263,Facebook,3298,250,170
User_03264,Instagram,679,44,130
User_03265,Facebook,4094,366,190
User_03266,YouTube,3709,918,314
User_03267,YouTube,9134,609,674
User_03268,Facebook,4355,141,83
User_03269,Instagram,492,182,212
User_03270,Twitter,1165,42,105
User_03271,Facebook,4307,123,80
User_03272,Facebook,1045,195,187
User_03273,Facebook,333,125,180
User_03274,Twitter,2682,393,233
User_03275,Instagram,224,260,19
User_03276,YouTube,4654,796,312
User_03277,Instagram,539,147,198
User_03278,Twitter,97,197,197
User_03279,Twitter,201,116,106
User_03280,Twitter,775,339,221
User_03281,Instagram,2549,21,279
User_03282,YouTube,525,698,273
User_03283,Facebook,264,179,187
User_03284,Twitter,1771,375,476
User_03285,Instagram,944,288,200
User_03286,YouTube,8861,959,439
User_03287,YouTube,2763,790,483
User_03288,Facebook,1120,12,73
User_03289,YouTube,1501,521,560
User_03290,YouTube,5630,1179,409
User_03291,Instagram,2296,190,139
User_03292,YouTube,302,264,319
User_03293,YouTube,4433,376,459
User_03294,Twitter,90,227,5
User_03295,Twitter,171,185,246
User_03296,Facebook,3387,34,150
User_03297,Instagram,2314,464,284
User_03298,YouTube,1149,912,189
User_03299,YouTube,4624,541,511
User_03300,Facebook,1903,327,46
User_03301,Facebook,446,124,31
User_03302,Instagram,1559,355,261
User_03303,Twitter,2395,164,22
User_03304,Facebook,538,370,68
User_03305,YouTube,364,733,558
User_03306,Instagram,4969,125,181
User_03307,Instagram,684,264,229
User_03308,Instagram,4236,44,123
User_03309,Facebook,2708,297,97
User_03310,Twitter,312,330,219
User_03311,YouTube,2444,60,339
User_03312,YouTube,5588,845,672
User_03313,YouTube,7811,612,641
User_03314,Instagram,1363,193,24
User_03315,YouTube,2558,62,113
User_03316,Facebook,2604,266,185
User_03317,YouTube,3620,785,601
User_03318,Instagram,1279,200,42
User_03319,Instagram,1889,294,259
User_03320,Twitter,2227,377,63
User_03321,Instagram,3919,342,270
User_03322,Twitter,1318,139,100
User_03323,YouTube,4098,683,253
User_03324,YouTube,3882,943,327
User_03325,Instagram,2024,232,211
User_03326,YouTube,1405,730,578
User_03327,Instagram,3017,339,249
User_03328,Facebook,3717,407,109
User_03329,Facebook,1066,280,64
User_03330,Twitter,2781,301,341
User_03331,Facebook,2172,412,75
User_03332,YouTube,5242,251,88
User_03333,Twitter,1744,260,76
User_03334,Twitter,2611,397,102
User_03335,Facebook,3759,12,44
User_03336,Instagram,3479,139,285
User_03337,Twitter,3062,53,65
User_03338,Instagram,3584,17,87
User_03339,Instagram,1134,268,273
User_03340,Twitter,1749,183,66
User_03341,Twitter,2874,287,124
User_03342,YouTube,2050,699,349
User_03343,Instagram,420,42,183
User_03344,Twitter,1694,324,231
User_03345,Twitter,1204,389,245
User_03346,Facebook,1542,375,198
User_03347,Instagram,1297,463,5
User_03348,YouTube,7530,786,333
User_03349,Twitter,743,262,370
User_03350,YouTube,1687,485,309
User_03351,Twitter,1417,26,289
User_03352,Twitter,1188,167,197
User_03353,YouTube,3023,303,47
User_03354,Facebook,3566,270,73
User_03355,YouTube,1729,721,296
User_03356,Facebook,1011,152,72
User_03357,Twitter,1817,116,454
User_03358,Facebook,2403,137,157
User_03359,Instagram,1947,346,144
User_03360,Facebook,826,110,143
User_03361,Facebook,264,311,233
User_03362,Instagram,4472,280,101
User_03363,Instagram,4050,431,15
User_03364,YouTube,3428,587,589
User_03365,Twitter,3018,229,267
User_03366,Facebook,3757,156,237
User_03367,Instagram,1032,232,223
User_03368,Twitter,1097,46,443
User_03369,Facebook,2321,379,173
User_03370,Instagram,2947,416,42
User_03371,Facebook,649,172,42
User_03372,YouTube,4623,938,650
User_03373,Instagram,2628,461,21
User_03374,Twitter,431,363,407
User_03375,YouTube,3219,1153,681
User_03376,Instagram,115,130,72
User_03377,Twitter,921,346,101
User_03378,YouTube,7802,320,501
User_03379,Facebook,4109,149,35
User_03380,Facebook,766,269,221
User_03381,Facebook,66,227,19
User_03382,Twitter,2304,314,107
User_03383,Facebook,357,219,178
User_03384,YouTube,6330,490,658
User_03385,YouTube,8033,1096,677
User_03386,Facebook,2498,435,61
User_03387,YouTube,8047,1013,650
User_03388,Twitter,2468,184,279
User_03389,Twitter,1230,51,113
User_03390,Instagram,2403,219,230
User_03391,YouTube,4153,880,123
User_03392,Facebook,3847,168,171
User_03393,Instagram,2897,361,205
User_03394,Facebook,4002,435,208
User_03395,Twitter,2481,212,352
User_03396,Facebook,277,153,70
User_03397,Facebook,3390,36,145
User_03398,YouTube,4386,660,426
User_03399,Twitter,3333,228,218
User_03400,Twitter,1087,29,138
User_03401,Twitter,3002,114,174
User_03402,Instagram,2577,234,211
User_03403,Facebook,1404,279,54
User_03404,Instagram,2750,71,278
User_03405,Instagram,222,415,196
User_03406,Instagram,2780,472,182
User_03407,Instagram,453,270,109
User_03408,YouTube,8873,416,165
User_03409,Twitter,2960,119,149
User_03410,Facebook,3102,174,107
User_03411,Facebook,2077,11,11
User_03412,Instagram,4363,57,258
User_03413,Twitter,3261,250,22
User_03414,Facebook,2359,159,8
User_03415,Facebook,2065,22,71
User_03416,Instagram,3145,340,207
User_03417,Facebook,2251,446,23
User_03418,Instagram,655,263,214
User_03419,Instagram,170,385,279
User_03420,Facebook,822,381,152
User_03421,Twitter,815,312,440
User_03422,YouTube,5403,880,529
User_03423,Instagram,2525,145,236
User_03424,Facebook,856,140,250
User_03425,Twitter,1562,151,220
User_03426,Instagram,1870,500,210
User_03427,YouTube,8019,592,551
User_03428,Facebook,3172,13,129
User_03429,Twitter,1546,392,280
User_03430,Instagram,3754,119,297
User_03431,Instagram,3305,399,120
User_03432,Twitter,1534,246,289
User_03433,Instagram,2594,175,75
User_03434,Instagram,831,292,88
User_03435,Facebook,4052,308,65
User_03436,Instagram,1207,211,244
User_03437,Facebook,522,397,128
User_03438,YouTube,6847,647,350
User_03439,Facebook,339,169,178
User_03440,Twitter,42,139,354
User_03441,Facebook,4043,284,129
User_03442,YouTube,3962,669,477
User_03443,Twitter,2127,286,440
User_03444,Instagram,910,222,41
User_03445,Twitter,541,389,7
User_03446,Facebook,4299,388,33
User_03447,Facebook,1656,229,224
User_03448,Instagram,369,458,219
User_03449,Twitter,719,322,412
User_03450,Twitter,592,385,448
User_03451,Twitter,1655,6,152
User_03452,Instagram,3617,155,140
User_03453,YouTube,6188,1164,670
User_03454,Facebook,1199,153,135
User_03455,Facebook,3081,270,156
User_03456,YouTube,7835,957,220
User_03457,YouTube,2317,346,541
User_03458,Twitter,60,164,214
User_03459,Facebook,1271,245,19
User_03460,Instagram,2604,364,98
User_03461,Facebook,808,280,119
User_03462,YouTube,1651,135,644
User_03463,Twitter,2454,82,35
User_03464,YouTube,9261,472,358
User_03465,Instagram,1628,145,147
User_03466,Twitter,2413,375,157
User_03467,YouTube,6707,531,579
User_03468,Facebook,674,308,41
User_03469,Instagram,1823,148,93
User_03470,YouTube,9335,219,134
User_03471,Twitter,1372,296,396
User_03472,YouTube,7856,438,177
User_03473,Instagram,1949,115,48
User_03474,Facebook,1214,89,123
User_03475,Instagram,2698,44,28
User_03476,Facebook,4231,418,114
User_03477,Twitter,2743,243,168
User_03478,YouTube,8298,250,251
User_03479,Twitter,1565,398,198
User_03480,Twitter,1474,161,430
User_03481,YouTube,8794,170,624
User_03482,Facebook,1400,329,215
User_03483,YouTube,2441,905,578
User_03484,Twitter,2027,357,404
User_03485,YouTube,2070,1152,450
User_03486,YouTube,3016,61,379
User_03487,Twitter,3176,345,178
User_03488,Twitter,895,317,287
User_03489,Facebook,3173,196,47
User_03490,Instagram,1654,231,186
User_03491,Facebook,85,305,81
User_03492,YouTube,1641,765,264
User_03493,Instagram,2286,22,142
User_03494,Twitter,1651,24,357
User_03495,YouTube,4592,127,590
User_03496,Instagram,3906,316,234
User_03497,Twitter,731,244,384
User_03498,Instagram,362,194,16
User_03499,Facebook,1489,450,219
User_03500,Facebook,718,219,215
User_03501,Instagram,509,232,33
User_03502,YouTube,1697,1124,289
User_03503,Facebook,176,175,216
User_03504,YouTube,2872,760,533
User_03505,Instagram,3352,218,33
User_03506,Instagram,1630,427,258
User_03507,Facebook,2224,47,46
User_03508,Twitter,202,143,312
User_03509,Facebook,4180,214,46
User_03510,Instagram,2599,145,289
User_03511,YouTube,2028,709,482
User_03512,Instagram,4688,481,239
User_03513,Instagram,1002,475,48
User_03514,Facebook,747,100,83
User_03515,Instagram,1437,408,7
User_03516,Facebook,3108,240,22
User_03517,Facebook,2561,433,176
User_03518,Facebook,1127,163,15
User_03519,Twitter,2911,148,92
User_03520,YouTube,2400,1167,328
User_03521,Twitter,945,98,140
User_03522,Facebook,1490,156,68
User_03523,Twitter,1103,49,251
User_03524,YouTube,9581,754,362
User_03525,Twitter,3417,325,352
User_03526,Facebook,340,432,151
User_03527,Twitter,657,277,292
User_03528,Facebook,3594,182,167
User_03529,YouTube,3498,710,520
User_03530,YouTube,1586,1061,220
User_03531,YouTube,3675,967,272
User_03532,Instagram,994,269,97
User_03533,Twitter,592,241,301
User_03534,YouTube,6199,1164,391
User_03535,Instagram,2690,364,55
User_03536,YouTube,229,335,436
User_03537,Twitter,1390,174,332
User_03538,Instagram,1582,472,185
User_03539,YouTube,2766,966,564
User_03540,Facebook,218,229,209
User_03541,Twitter,2451,296,356
User_03542,Twitter,3013,206,243
User_03543,Facebook,2109,375,97
User_03544,YouTube,8006,831,312
User_03545,Instagram,1969,395,261
User_03546,Instagram,3498,223,139
User_03547,Twitter,2449,16,84
User_03548,Facebook,2502,310,249
User_03549,Facebook,1183,71,171
User_03550,YouTube,981,195,321
User_03551,Facebook,2875,239,103
User_03552,Facebook,3813,5,170
User_03553,Facebook,1681,93,79
User_03554,YouTube,1416,388,246
User_03555,Facebook,3616,51,187
User_03556,Facebook,1302,355,144
User_03557,YouTube,181,987,168
User_03558,YouTube,1736,974,568
User_03559,Twitter,2882,110,468
User_03560,Twitter,2757,194,426
User_03561,Twitter,2912,126,391
User_03562,Instagram,3225,70,164
User_03563,Facebook,3315,400,85
User_03564,YouTube,7056,816,551
User_03565,Instagram,2891,255,15
User_03566,Facebook,1499,398,62
User_03567,YouTube,6035,706,518
User_03568,Instagram,4958,389,205
User_03569,Instagram,1934,75,257
User_03570,Facebook,402,113,79
User_03571,Twitter,400,175,197
User_03572,Facebook,3527,82,74
User_03573,YouTube,6437,994,40
User_03574,YouTube,7009,377,172
User_03575,Twitter,2814,266,428
User_03576,Instagram,3858,417,44
User_03577,YouTube,1761,838,17
User_03578,Facebook,2653,70,149
User_03579,Twitter,2831,234,6
User_03580,Twitter,2698,345,206
User_03581,Twitter,3179,29,156
User_03582,Twitter,1079,381,325
User_03583,Instagram,4994,418,232
User_03584,YouTube,7858,696,552
User_03585,YouTube,1929,376,439
User_03586,Twitter,2783,42,77
User_03587,Instagram,2811,490,134
User_03588,Facebook,4258,421,159
User_03589,Twitter,1801,26,238
User_03590,YouTube,752,258,506
User_03591,Twitter,1523,27,456
User_03592,YouTube,4234,881,350
User_03593,YouTube,485,1121,278
User_03594,Facebook,2442,187,108
User_03595,Instagram,3709,171,154
User_03596,Instagram,4930,62,184
User_03597,Instagram,4402,383,204
User_03598,Facebook,1475,48,138
User_03599,Instagram,1082,377,76
User_03600,Twitter,1785,142,177
User_03601,Twitter,2842,318,125
User_03602,Twitter,186,41,168
User_03603,YouTube,727,310,628
User_03604,Instagram,3178,267,42
User_03605,YouTube,5047,875,415
User_03606,Instagram,1556,491,133
User_03607,Instagram,3600,499,61
User_03608,Facebook,2177,160,159
User_03609,Facebook,440,196,148
User_03610,Twitter,901,391,479
User_03611,Twitter,1145,384,353
User_03612,Facebook,2307,261,173
User_03613,Instagram,3315,470,94
User_03614,YouTube,4567,20,421
User_03615,Facebook,193,405,108
User_03616,Facebook,2290,141,120
User_03617,YouTube,1691,463,235
User_03618,Instagram,2709,118,34
User_03619,YouTube,7647,871,655
User_03620,YouTube,8971,806,492
User_03621,Instagram,2859,179,165
User_03622,YouTube,7380,320,478
User_03623,Twitter,882,274,358
User_03624,Facebook,3235,135,105
User_03625,Instagram,4730,500,42
User_03626,Twitter,2319,178,43
User_03627,Facebook,4378,194,79
User_03628,YouTube,5266,934,695
User_03629,Twitter,141,81,320
User_03630,Facebook,2920,294,112
User_03631,Twitter,3153,13,385
User_03632,YouTube,9216,1015,245
User_03633,Twitter,2221,69,194
User_03634,Instagram,844,207,113
User_03635,Facebook,946,297,76
User_03636,Facebook,1343,397,201
User_03637,Twitter,2273,211,181
User_03638,Facebook,3465,311,73
User_03639,YouTube,6050,226,685
User_03640,YouTube,8329,1106,550
User_03641,Twitter,942,208,254
User_03642,Twitter,1192,232,81
User_03643,Facebook,3317,152,2
User_03644,YouTube,7702,362,105
User_03645,Twitter,2396,336,215
User_03646,Twitter,1700,98,326
User_03647,Instagram,1886,75,259
User_03648,Instagram,4961,297,211
User_03649,Instagram,2712,317,129
User_03650,Facebook,3905,355,25
User_03651,YouTube,472,807,570
User_03652,Facebook,1362,239,96
User_03653,Facebook,1475,246,241
User_03654,Facebook,2683,72,77
User_03655,Instagram,303,110,297
User_03656,Twitter,1900,127,351
User_03657,Twitter,1010,92,499
User_03658,Twitter,2068,330,57
User_03659,YouTube,2709,511,478
User_03660,Instagram,106,388,18
User_03661,Twitter,2148,242,442
User_03662,Twitter,308,215,491
User_03663,YouTube,8903,257,626
User_03664,Instagram,3642,251,32
User_03665,YouTube,6627,91,377
User_03666,Twitter,2955,263,323
User_03667,Twitter,1775,65,54
User_03668,Facebook,2190,393,213
User_03669,Instagram,1434,192,213
User_03670,YouTube,2425,507,499
User_03671,Facebook,2206,54,86
User_03672,Instagram,3803,465,253
User_03673,Facebook,2169,180,77
User_03674,Twitter,1374,232,359
User_03675,YouTube,9409,573,613
User_03676,Instagram,1197,80,269
User_03677,YouTube,525,462,384
User_03678,YouTube,4871,638,167
User_03679,YouTube,7887,910,694
User_03680,YouTube,2630,273,155
User_03681,YouTube,6395,536,657
User_03682,Facebook,269,440,56
User_03683,YouTube,2530,34,270
User_03684,YouTube,8432,1068,420
User_03685,Twitter,2553,89,498
User_03686,YouTube,2653,1036,326
User_03687,YouTube,6292,1003,668
User_03688,Facebook,4342,251,46
User_03689,Twitter,1575,9,343
User_03690,Instagram,2854,120,160
User_03691,Facebook,1877,81,73
User_03692,Instagram,1663,187,257
User_03693,Twitter,2352,328,465
User_03694,Instagram,4343,464,118
User_03695,Facebook,3018,345,10
User_03696,Twitter,2585,52,488
User_03697,YouTube,8413,147,282
User_03698,Instagram,508,233,292
User_03699,Facebook,2044,136,206
User_03700,Facebook,2047,121,178
User_03701,Twitter,746,22,312
User_03702,YouTube,9143,578,98
User_03703,Facebook,561,72,135
User_03704,YouTube,1097,435,238
User_03705,Facebook,3949,242,27
User_03706,Instagram,2662,409,39
User_03707,Facebook,3958,64,115
User_03708,Instagram,3949,106,53
User_03709,Facebook,4031,158,147
User_03710,Instagram,4815,225,59
User_03711,Twitter,3204,331,100
User_03712,Twitter,22,130,387
User_03713,Twitter,2483,140,253
User_03714,Facebook,2732,264,125
User_03715,YouTube,5009,551,549
User_03716,Facebook,2834,145,175
User_03717,YouTube,7309,238,191
User_03718,Twitter,46,165,458
User_03719,Twitter,2050,85,92
User_03720,Instagram,3589,349,157
User_03721,Instagram,3680,180,277
User_03722,Facebook,1625,403,29
User_03723,Facebook,1786,162,130
User_03724,YouTube,5343,1096,488
User_03725,Instagram,2508,479,109
User_03726,Facebook,2692,85,51
User_03727,Twitter,3238,89,437
User_03728,Facebook,1327,171,246
User_03729,Twitter,2696,306,404
User_03730,Twitter,3213,373,138
User_03731,Facebook,2193,246,241
User_03732,YouTube,6175,306,318
User_03733,YouTube,5898,655,465
User_03734,YouTube,7068,1163,407
User_03735,Twitter,43,392,482
User_03736,Twitter,246,211,182
User_03737,Facebook,3782,397,72
User_03738,Instagram,1706,111,133
User_03739,YouTube,6219,58,334
User_03740,Twitter,3259,197,167
User_03741,Facebook,1801,321,130
User_03742,Twitter,1142,56,39
User_03743,Facebook,1354,171,187
User_03744,Twitter,2974,305,241
User_03745,Instagram,3245,357,251
User_03746,Facebook,2334,315,152
User_03747,Twitter,262,53,29
User_03748,YouTube,4622,1111,383
User_03749,Twitter,1184,58,242
User_03750,Facebook,646,171,200
User_03751,Twitter,3396,79,448
User_03752,Facebook,2488,298,53
User_03753,Instagram,3640,130,169
User_03754,YouTube,9220,1097,303
User_03755,Instagram,1200,400,36
User_03756,YouTube,6018,923,224
User_03757,Facebook,2671,244,60
User_03758,Twitter,1503,172,102
User_03759,YouTube,4283,57,148
User_03760,Instagram,3415,223,204
User_03761,Twitter,3289,26,426
User_03762,Instagram,4246,196,10
User_03763,Twitter,151,260,448
User_03764,YouTube,8927,1017,294
User_03765,YouTube,1199,164,583
User_03766,Instagram,4623,404,59
User_03767,Facebook,4246,438,219
User_03768,Instagram,4751,477,241
User_03769,Facebook,638,397,177
User_03770,Twitter,3369,143,239
User_03771,Twitter,3046,79,334
User_03772,YouTube,1296,382,668
User_03773,YouTube,7539,1090,447
User_03774,Instagram,3338,299,152
User_03775,Instagram,3244,14,6
User_03776,Facebook,2680,223,40
User_03777,YouTube,3751,678,550
User_03778,Twitter,2697,342,103
User_03779,YouTube,9551,322,198
User_03780,Facebook,1728,162,48
User_03781,Instagram,264,278,22
User_03782,Facebook,4464,183,246
User_03783,Instagram,2732,450,163
User_03784,Facebook,1750,108,79
User_03785,Facebook,3515,143,61
User_03786,Facebook,2950,18,37
User_03787,Twitter,524,194,14
User_03788,Twitter,3067,380,107
User_03789,Twitter,221,230,225
User_03790,Twitter,833,107,395
User_03791,Twitter,2437,65,48
User_03792,Facebook,4190,301,187
User_03793,Instagram,1384,392,109
User_03794,Instagram,4056,384,185
User_03795,YouTube,6901,401,220
User_03796,Instagram,4202,189,246
User_03797,YouTube,8435,239,472
User_03798,Instagram,109,199,217
User_03799,Twitter,429,183,185
User_03800,YouTube,1169,899,672
User_03801,YouTube,3857,182,671
User_03802,Twitter,1950,10,488
User_03803,YouTube,5396,102,149
User_03804,Facebook,1492,294,4
User_03805,Facebook,4288,84,37
User_03806,Twitter,3142,21,32
User_03807,Facebook,2440,195,160
User_03808,Twitter,3392,82,215
User_03809,Facebook,1470,270,249
User_03810,Facebook,1527,191,227
User_03811,Instagram,1380,20,256
User_03812,Facebook,2547,211,162
User_03813,YouTube,4444,667,34
User_03814,Instagram,2766,19,242
User_03815,Instagram,1232,472,210
User_03816,Instagram,4469,198,270
User_03817,Facebook,1335,56,5
User_03818,YouTube,3748,198,434
User_03819,Instagram,970,500,245
User_03820,Twitter,1720,276,226
User_03821,Facebook,45,164,123
User_03822,Twitter,1072,67,166
User_03823,YouTube,1679,988,509
User_03824,Facebook,1070,117,133
User_03825,Facebook,1208,120,170
User_03826,Instagram,826,372,208
User_03827,YouTube,1824,521,236
User_03828,YouTube,3124,626,341
User_03829,Twitter,2757,304,267
User_03830,YouTube,2257,681,437
User_03831,YouTube,2479,1196,40
User_03832,Twitter,2608,26,407
User_03833,Facebook,1532,12,38
User_03834,Instagram,1998,87,205
User_03835,YouTube,291,1181,497
User_03836,Twitter,1428,98,322
User_03837,Twitter,1871,111,233
User_03838,YouTube,9043,910,125
User_03839,YouTube,8529,700,350
User_03840,Facebook,2131,179,208
User_03841,Twitter,3182,283,234
User_03842,Instagram,2854,395,267
User_03843,YouTube,1134,758,441
User_03844,Instagram,4500,69,50
User_03845,Facebook,3787,429,30
User_03846,Instagram,4559,369,153
User_03847,Facebook,2887,162,117
User_03848,Twitter,2286,44,495
User_03849,Facebook,3296,424,242
User_03850,Facebook,1200,435,176
User_03851,Facebook,176,106,189
User_03852,YouTube,8711,320,581
User_03853,Instagram,4417,190,278
User_03854,Facebook,4388,90,97
User_03855,Facebook,860,353,44
User_03856,Facebook,1285,281,243
User_03857,Twitter,848,144,26
User_03858,Twitter,1234,201,462
User_03859,Twitter,1971,241,165
User_03860,Facebook,2497,5,21
User_03861,YouTube,9205,648,218
User_03862,Instagram,535,391,212
User_03863,Facebook,1217,251,212
User_03864,Facebook,2026,205,203
User_03865,Facebook,3472,205,153
User_03866,Facebook,2076,432,91
User_03867,Instagram,1903,498,143
User_03868,Facebook,3328,68,187
User_03869,Facebook,1726,232,38
User_03870,YouTube,5465,32,657
User_03871,Instagram,4314,164,270
User_03872,Instagram,4952,246,120
User_03873,Twitter,1243,65,278
User_03874,Twitter,649,38,451
User_03875,YouTube,4558,93,395
User_03876,YouTube,1948,965,441
User_03877,Facebook,4031,393,76
User_03878,Facebook,4323,57,24
User_03879,YouTube,4053,1022,447
User_03880,Twitter,252,328,54
User_03881,YouTube,4619,525,660
User_03882,YouTube,6975,524,370
User_03883,Instagram,155,56,250
User_03884,Facebook,4094,118,153
User_03885,Twitter,2746,138,54
User_03886,Twitter,2316,312,429
User_03887,Twitter,2504,267,446
User_03888,Twitter,192,310,56
User_03889,Instagram,4765,53,62
User_03890,Facebook,2994,302,174
User_03891,Twitter,3359,203,368
User_03892,Instagram,2895,336,227
User_03893,Twitter,2368,269,20
User_03894,Twitter,3350,323,382
User_03895,Twitter,2760,15,111
User_03896,Facebook,237,327,244
User_03897,YouTube,1718,608,427
User_03898,Instagram,3790,439,131
User_03899,YouTube,5736,731,259
User_03900,YouTube,7407,107,337
User_03901,Twitter,2883,327,135
User_03902,Facebook,1755,290,199
User_03903,YouTube,6675,723,181
User_03904,Twitter,384,172,181
User_03905,Facebook,2633,429,80
User_03906,Instagram,790,332,209
User_03907,YouTube,8246,391,396
User_03908,Facebook,2208,443,183
User_03909,Twitter,1456,174,413
User_03910,Twitter,1500,388,82
User_03911,Facebook,2684,13,30
User_03912,Facebook,2583,264,181
User_03913,YouTube,9273,1112,187
User_03914,Twitter,2553,358,39
User_03915,Facebook,804,51,184
User_03916,Twitter,1098,76,367
User_03917,YouTube,8829,734,411
User_03918,Facebook,3195,58,218
User_03919,YouTube,9440,178,336
User_03920,Facebook,3665,427,12
User_03921,Facebook,1309,346,72
User_03922,Instagram,4100,119,114
User_03923,Facebook,1890,230,167
User_03924,Facebook,1230,11,77
User_03925,Facebook,210,444,158
User_03926,Twitter,3452,226,213
User_03927,Facebook,3417,100,219
User_03928,Twitter,2589,296,455
User_03929,Twitter,3078,135,362
User_03930,YouTube,4418,893,384
User_03931,YouTube,3945,665,558
User_03932,YouTube,1362,285,334
User_03933,Facebook,4449,301,34
User_03934,Instagram,4207,367,245
User_03935,YouTube,1817,476,361
User_03936,Facebook,3851,142,149
User_03937,Instagram,3820,321,226
User_03938,Twitter,2440,225,34
User_03939,Facebook,221,291,116
User_03940,Instagram,2897,249,77
User_03941,Instagram,2953,38,143
User_03942,YouTube,551,1015,446
User_03943,Facebook,3286,115,171
User_03944,Twitter,1289,277,357
User_03945,YouTube,5515,486,588
User_03946,Twitter,610,394,277
User_03947,YouTube,211,118,371
User_03948,Instagram,631,319,34
User_03949,Twitter,3011,84,376
User_03950,Facebook,2078,312,200
User_03951,Facebook,1524,20,168
User_03952,Twitter,3004,63,170
User_03953,Instagram,821,489,208
User_03954,Twitter,3316,210,196
User_03955,Twitter,587,177,94
User_03956,Instagram,2599,186,92
User_03957,Twitter,1052,257,47
User_03958,Facebook,2174,210,53
User_03959,Facebook,2917,336,164
User_03960,Instagram,2832,236,50
User_03961,YouTube,434,134,575
User_03962,Instagram,3106,53,88
User_03963,Instagram,4384,11,4
User_03964,YouTube,6403,637,33
User_03965,YouTube,1236,363,198
User_03966,Twitter,764,276,112
User_03967,YouTube,1688,326,619
User_03968,YouTube,9504,372,456
User_03969,Facebook,4196,81,210
User_03970,Twitter,144,320,20
User_03971,Instagram,2603,483,151
User_03972,Instagram,2909,354,94
User_03973,Facebook,856,259,51
User_03974,Facebook,2803,237,239
User_03975,Twitter,3231,231,484
User_03976,Instagram,4592,38,175
User_03977,Facebook,3035,77,63
User_03978,Twitter,791,208,22
User_03979,YouTube,1060,993,680
User_03980,Instagram,4308,51,166
User_03981,Twitter,3120,281,330
User_03982,Facebook,2354,169,36
User_03983,Twitter,3147,103,150
User_03984,Twitter,1675,224,194
User_03985,Instagram,4067,17,253
User_03986,Instagram,2683,292,249
User_03987,Twitter,1272,256,403
User_03988,YouTube,1003,1090,47
User_03989,Facebook,770,162,230
User_03990,Facebook,2609,383,14
User_03991,Instagram,436,499,157
User_03992,Twitter,791,182,494
User_03993,Instagram,3603,383,262
User_03994,Facebook,4207,194,176
User_03995,Instagram,1807,55,236
User_03996,Facebook,1855,369,83
User_03997,Instagram,1717,258,107
User_03998,Instagram,420,477,197
User_03999,Facebook,992,153,3
User_04000,Facebook,2749,95,101
User_04001,Facebook,3085,433,104
User_04002,Instagram,1327,77,128
User_04003,YouTube,7027,1178,646
User_04004,YouTube,3456,568,424
User_04005,Instagram,3456,426,213
User_04006,Twitter,1159,99,419
User_04007,Twitter,1058,309,6
User_04008,Twitter,191,358,393
User_04009,Twitter,547,341,354
User_04010,Facebook,617,331,31
User_04011,Instagram,1351,466,252
User_04012,Instagram,1552,279,169
User_04013,Facebook,2141,353,185
User_04014,Twitter,1186,276,147
User_04015,YouTube,9440,545,116
User_04016,Instagram,3285,426,105
User_04017,Instagram,4594,438,256
User_04018,Facebook,1081,270,11
User_04019,Twitter,1981,57,58
User_04020,Facebook,351,431,101
User_04021,Facebook,724,395,179
User_04022,Instagram,2030,228,191
User_04023,Twitter,3044,75,227
User_04024,Instagram,4175,397,98
User_04025,Facebook,2644,27,147
User_04026,Instagram,1301,179,130
User_04027,Facebook,2908,241,53
User_04028,Instagram,3255,199,80
User_04029,YouTube,8383,140,235
User_04030,Facebook,1632,176,170
User_04031,Twitter,123,227,36
User_04032,Facebook,4369,152,144
User_04033,Facebook,1214,285,248
User_04034,YouTube,1029,238,71
User_04035,Twitter,2141,275,9
User_04036,Facebook,2675,194,11
User_04037,Facebook,890,355,61
User_04038,Instagram,3172,6,290
User_04039,Instagram,3224,398,292
User_04040,Instagram,1889,395,20
User_04041,Instagram,212,337,245
User_04042,Twitter,1176,353,316
User_04043,Twitter,1861,385,122
User_04044,Twitter,2529,130,177
User_04045,Twitter,1982,80,233
User_04046,YouTube,3767,305,298
User_04047,Facebook,3222,136,227
User_04048,Facebook,3055,383,7
User_04049,Twitter,3319,155,74
User_04050,Instagram,3817,215,279
User_04051,Facebook,3335,69,217
User_04052,YouTube,3509,841,436
User_04053,Twitter,1906,377,232
User_04054,Twitter,1611,239,187
User_04055,YouTube,5441,826,141
User_04056,Facebook,2055,116,184
User_04057,Facebook,1634,378,170
User_04058,YouTube,7691,1132,423
User_04059,YouTube,5128,447,407
User_04060,Facebook,3892,60,140
User_04061,Twitter,1250,398,446
User_04062,Twitter,228,104,112
User_04063,YouTube,9138,330,680
User_04064,Twitter,2139,223,93
User_04065,Twitter,117,357,106
User_04066,Twitter,2344,343,89
User_04067,YouTube,9330,329,661
User_04068,Twitter,2375,103,78
User_04069,Twitter,1316,241,126
User_04070,Facebook,4026,166,158
User_04071,Instagram,845,407,35
User_04072,Instagram,225,9,29
User_04073,YouTube,1573,651,370
User_04074,Facebook,1273,114,80
User_04075,Instagram,3023,324,163
User_04076,Twitter,1965,175,361
User_04077,Facebook,2413,160,27
User_04078,Facebook,1285,88,108
User_04079,Instagram,4410,471,211
User_04080,Facebook,3886,363,73
User_04081,Facebook,968,344,244
User_04082,Facebook,3684,54,195
User_04083,Instagram,1160,455,197
User_04084,Twitter,1573,246,88
User_04085,Instagram,4851,357,187
User_04086,Twitter,2415,294,94
User_04087,Twitter,101,253,485
User_04088,YouTube,5666,184,383
User_04089,Instagram,1501,74,155
User_04090,Twitter,632,58,479
User_04091,Facebook,2667,154,184
User_04092,Instagram,2955,313,255
User_04093,Instagram,4885,218,88
User_04094,YouTube,4240,403,530
User_04095,YouTube,8626,58,506
User_04096,YouTube,2834,116,669
User_04097,Facebook,2551,139,116
User_04098,Twitter,1402,22,140
User_04099,Twitter,2720,43,171
User_04100,Instagram,1120,451,7
User_04101,Instagram,2529,199,104
User_04102,Twitter,1576,200,19
User_04103,YouTube,6246,697,380
User_04104,Twitter,1687,364,176
User_04105,Facebook,2876,373,68
User_04106,Facebook,4044,149,70
User_04107,Instagram,3735,475,45
User_04108,YouTube,8436,242,28
User_04109,Facebook,916,129,21
User_04110,Facebook,3098,38,41
User_04111,Facebook,755,447,21
User_04112,Instagram,160,382,176
User_04113,Instagram,1329,303,237
User_04114,YouTube,1833,259,62
User_04115,Facebook,1674,386,239
User_04116,Instagram,1570,51,48
User_04117,Instagram,3596,410,121
User_04118,Facebook,449,372,22
User_04119,Twitter,1332,322,272
User_04120,Facebook,3939,423,52
User_04121,Twitter,2499,363,96
User_04122,Twitter,1199,376,347
User_04123,Instagram,3675,99,261
User_04124,Instagram,701,95,103
User_04125,YouTube,2457,1120,594
User_04126,Facebook,1055,364,196
User_04127,Instagram,1591,100,166
User_04128,Facebook,1370,207,164
User_04129,YouTube,9955,854,523
User_04130,YouTube,3675,883,261
User_04131,YouTube,4044,1096,12
User_04132,YouTube,4711,340,71
User_04133,Instagram,564,257,178
User_04134,Instagram,3573,45,230
User_04135,Instagram,772,168,187
User_04136,Instagram,4712,139,165
User_04137,Twitter,1486,382,416
User_04138,Twitter,1537,257,154
User_04139,Twitter,1303,281,382
User_04140,Facebook,1908,305,45
User_04141,Instagram,2940,214,240
User_04142,Twitter,1348,208,238
User_04143,Twitter,1872,80,73
User_04144,Twitter,1738,14,448
User_04145,Facebook,2634,200,224
User_04146,Facebook,3312,192,5
User_04147,Twitter,3261,340,464
User_04148,Facebook,1277,308,244
User_04149,Facebook,1817,53,6
User_04150,Twitter,1954,78,139
User_04151,YouTube,3340,54,514
User_04152,Twitter,668,157,425
User_04153,YouTube,3831,399,503
User_04154,Twitter,1792,224,486
User_04155,Facebook,4032,345,17
User_04156,YouTube,1836,147,336
User_04157,Twitter,2509,150,73
User_04158,Facebook,4289,258,207
User_04159,Facebook,3450,256,5
User_04160,YouTube,2698,703,650
User_04161,YouTube,7128,259,618
User_04162,Facebook,4378,149,89
User_04163,YouTube,2199,766,583
User_04164,Twitter,278,11,229
User_04165,YouTube,6932,514,219
User_04166,YouTube,3924,650,654
User_04167,Twitter,3242,145,285
User_04168,YouTube,9557,688,204
User_04169,Facebook,2676,405,163
User_04170,Facebook,1981,421,211
User_04171,Facebook,4042,293,122
User_04172,Instagram,2617,266,50
User_04173,Twitter,3092,77,320
User_04174,YouTube,1432,1093,507
User_04175,Twitter,2488,374,137
User_04176,Instagram,3732,204,100
User_04177,YouTube,2444,755,65
User_04178,Twitter,1030,116,325
User_04179,Instagram,2730,187,249
User_04180,Facebook,2274,168,126
User_04181,YouTube,8886,419,666
User_04182,Facebook,1026,156,189
User_04183,Instagram,1646,273,260
User_04184,YouTube,4166,780,438
User_04185,Instagram,2492,138,106
User_04186,Facebook,2465,17,9
User_04187,Twitter,342,190,239
User_04188,Facebook,3699,325,99
User_04189,Facebook,3678,393,82
User_04190,Instagram,2290,238,143
User_04191,Facebook,3753,150,43
User_04192,Facebook,2684,13,33
User_04193,Instagram,2724,287,246
User_04194,YouTube,2422,655,389
User_04195,Instagram,3607,335,167
User_04196,Twitter,749,169,314
User_04197,Instagram,2367,170,291
User_04198,Instagram,4241,33,69
User_04199,Twitter,281,36,72
User_04200,Facebook,877,272,43
User_04201,Facebook,792,391,94
User_04202,YouTube,5640,176,427
User_04203,YouTube,1239,1018,415
User_04204,Instagram,4348,218,204
User_04205,Facebook,772,421,55
User_04206,Twitter,671,61,391
User_04207,YouTube,3825,500,62
User_04208,Instagram,479,334,117
User_04209,Twitter,193,23,113
User_04210,Facebook,1290,450,37
User_04211,YouTube,5391,803,654
User_04212,Twitter,98,263,392
User_04213,YouTube,8164,58,690
User_04214,Twitter,2272,36,21
User_04215,Facebook,334,111,60
User_04216,Twitter,49,180,360
User_04217,Instagram,4814,456,190
User_04218,Facebook,3293,113,40
User_04219,Instagram,2355,141,286
User_04220,YouTube,8470,805,168
User_04221,Facebook,2139,176,52
User_04222,YouTube,4365,814,127
User_04223,YouTube,7499,69,461
User_04224,Twitter,858,96,58
User_04225,Instagram,3224,416,56
User_04226,Facebook,1679,393,147
User_04227,YouTube,3611,631,374
User_04228,Twitter,242,333,321
User_04229,Facebook,2107,116,132
User_04230,Instagram,2588,11,112
User_04231,Facebook,2775,110,129
User_04232,Twitter,2968,169,235
User_04233,Twitter,2485,387,85
User_04234,Twitter,1986,289,306
User_04235,YouTube,4171,169,636
User_04236,Instagram,52,441,17
User_04237,Instagram,141,489,142
User_04238,Instagram,2535,232,197
User_04239,Facebook,836,32,96
User_04240,Facebook,1602,221,191
User_04241,YouTube,1346,583,432
User_04242,Instagram,2486,399,19
User_04243,Instagram,2524,77,136
User_04244,Twitter,3299,106,62
User_04245,Instagram,3953,94,9
User_04246,Instagram,755,376,122
User_04247,Twitter,2394,357,286
User_04248,YouTube,4524,56,581
User_04249,Twitter,279,376,355
User_04250,Facebook,1805,38,103
User_04251,Twitter,142,21,255
User_04252,Twitter,3421,240,212
User_04253,Facebook,148,300,231
User_04254,Instagram,566,496,145
User_04255,YouTube,7950,425,278
User_04256,Instagram,2277,498,98
User_04257,Facebook,3709,419,2
User_04258,Instagram,4663,432,224
User_04259,Twitter,3263,120,367
User_04260,Instagram,2397,191,47
User_04261,YouTube,7575,977,562
User_04262,Facebook,3097,342,232
User_04263,YouTube,9127,1117,154
User_04264,YouTube,5781,843,183
User_04265,Twitter,1544,241,178
User_04266,YouTube,2518,1022,696
User_04267,Twitter,1495,223,45
User_04268,YouTube,2355,691,372
User_04269,Twitter,1866,387,277
User_04270,Facebook,390,180,131
User_04271,Facebook,2838,281,163
User_04272,Facebook,1182,422,204
User_04273,Facebook,3286,46,212
User_04274,Twitter,478,258,279
User_04275,Instagram,4306,58,296
User_04276,Instagram,2136,483,283
User_04277,Facebook,1897,355,183
User_04278,YouTube,8114,249,338
User_04279,YouTube,9085,818,540
User_04280,Twitter,917,297,180
User_04281,Twitter,2837,386,55
User_04282,Facebook,3756,84,215
User_04283,Facebook,44,411,250
User_04284,Instagram,4106,78,38
User_04285,YouTube,4062,841,315
User_04286,Facebook,4479,331,26
User_04287,Facebook,232,13,9
User_04288,YouTube,2083,434,195
User_04289,Instagram,599,134,233
User_04290,Instagram,3506,488,185
User_04291,Twitter,63,359,306
User_04292,YouTube,5722,804,388
User_04293,Facebook,2528,224,160
User_04294,Twitter,2621,316,304
User_04295,Instagram,4075,21,257
User_04296,YouTube,5858,73,266
User_04297,Twitter,3287,198,386
User_04298,Instagram,3512,357,181
User_04299,Twitter,131,196,20
User_04300,Twitter,3129,46,244
User_04301,YouTube,9008,198,89
User_04302,Facebook,810,237,99
User_04303,YouTube,4054,971,40
User_04304,YouTube,5175,1141,467
User_04305,Facebook,3403,53,4
User_04306,Facebook,271,264,115
User_04307,Instagram,4162,97,239
User_04308,YouTube,9357,804,553
User_04309,Instagram,2124,304,62
User_04310,Twitter,732,233,151
User_04311,Facebook,366,153,155
User_04312,YouTube,7091,234,163
User_04313,Instagram,1681,251,250
User_04314,Facebook,86,203,200
User_04315,Facebook,3126,27,79
User_04316,Facebook,1870,179,223
User_04317,Twitter,956,367,228
User_04318,Instagram,881,89,73
User_04319,Facebook,233,229,129
User_04320,YouTube,7144,52,542
User_04321,YouTube,9004,227,433
User_04322,Twitter,157,144,224
User_04323,Twitter,294,35,45
User_04324,YouTube,5959,982,415
User_04325,Facebook,1166,66,8
User_04326,Facebook,747,297,49
User_04327,Facebook,3694,342,141
User_04328,YouTube,9231,548,494
User_04329,Instagram,1569,303,213
User_04330,Instagram,4634,25,120
User_04331,Facebook,1247,158,36
User_04332,Twitter,65,192,31
User_04333,Instagram,973,273,138
User_04334,Instagram,2534,455,72
User_04335,YouTube,4092,993,223
User_04336,Facebook,3929,249,124
User_04337,Facebook,851,93,101
User_04338,Instagram,1246,346,67
User_04339,Facebook,597,249,133
User_04340,Instagram,4687,89,128
User_04341,Twitter,3459,322,186
User_04342,Facebook,2190,213,17
User_04343,Twitter,195,166,400
User_04344,Twitter,133,100,344
User_04345,YouTube,6502,931,625
User_04346,Facebook,1083,250,159
User_04347,Twitter,2666,388,326
User_04348,Facebook,2017,311,135
User_04349,YouTube,8245,163,448
User_04350,Instagram,3468,38,289
User_04351,Instagram,1242,400,22
User_04352,YouTube,4644,815,292
User_04353,Twitter,2683,176,156
User_04354,YouTube,5148,972,528
User_04355,Twitter,1601,389,447
User_04356,Facebook,3884,177,25
User_04357,Twitter,1422,274,265
User_04358,Instagram,2111,327,139
User_04359,YouTube,4834,1061,238
User_04360,YouTube,5411,500,584
User_04361,Facebook,2895,161,51
User_04362,YouTube,8581,852,290
User_04363,YouTube,9893,878,690
User_04364,Facebook,1180,415,199
User_04365,YouTube,3212,750,560
User_04366,YouTube,3449,957,600
User_04367,Facebook,1000,375,187
User_04368,YouTube,4147,431,617
User_04369,YouTube,3099,1027,388
User_04370,Facebook,3248,252,185
User_04371,YouTube,9409,950,555
User_04372,YouTube,2497,531,625
User_04373,Instagram,2118,68,194
User_04374,Twitter,33,36,97
User_04375,YouTube,8210,941,568
User_04376,YouTube,8474,1172,435
User_04377,Facebook,2216,31,111
User_04378,Twitter,2458,57,244
User_04379,Twitter,1604,162,62
User_04380,Facebook,1523,67,94
User_04381,Instagram,386,438,37
User_04382,YouTube,1860,1133,553
User_04383,YouTube,2187,206,438
User_04384,Facebook,367,343,147
User_04385,Instagram,130,62,174
User_04386,YouTube,4756,890,251
User_04387,Facebook,1845,321,156
User_04388,YouTube,9154,734,247
User_04389,Facebook,228,288,151
User_04390,YouTube,3702,361,397
User_04391,Facebook,4477,320,6
User_04392,Facebook,786,297,191
User_04393,YouTube,8066,265,102
User_04394,Facebook,3369,118,63
User_04395,Twitter,2516,86,457
User_04396,Facebook,1845,148,29
User_04397,Instagram,2006,348,159
User_04398,Twitter,2394,309,435
User_04399,Twitter,1847,111,119
User_04400,Instagram,721,214,229
User_04401,Twitter,635,380,455
User_04402,Twitter,2539,386,195
User_04403,Instagram,4484,396,141
User_04404,Facebook,4066,228,204
User_04405,YouTube,5376,52,516
User_04406,Twitter,3453,228,311
User_04407,Facebook,3095,78,182
User_04408,Instagram,4973,433,195
User_04409,Facebook,3349,111,57
User_04410,YouTube,5887,839,285
User_04411,Facebook,2421,123,99
User_04412,Twitter,119,353,479
User_04413,Facebook,569,236,184
User_04414,Instagram,3235,297,178
User_04415,YouTube,6341,51,507
User_04416,Twitter,2986,230,466
User_04417,Twitter,386,225,131
User_04418,YouTube,3844,561,380
User_04419,YouTube,7940,333,177
User_04420,Facebook,4276,311,137
User_04421,Facebook,337,200,95
User_04422,Instagram,1922,51,83
User_04423,Instagram,4578,30,130
User_04424,Instagram,4352,482,132
User_04425,Twitter,630,152,73
User_04426,Twitter,1160,97,118
User_04427,Twitter,1296,87,267
User_04428,Instagram,1949,451,49
User_04429,Instagram,4740,340,92
User_04430,YouTube,9077,973,438
User_04431,Facebook,1975,13,208
User_04432,Facebook,671,39,199
User_04433,Instagram,2254,423,93
User_04434,Instagram,3839,288,190
User_04435,Facebook,1291,278,240
User_04436,Facebook,2052,407,4
User_04437,YouTube,2914,567,530
User_04438,Instagram,4153,263,31
User_04439,Twitter,572,87,25
User_04440,Twitter,658,69,124
User_04441,YouTube,9502,581,478
User_04442,Facebook,3766,94,183
User_04443,Instagram,2083,87,23
User_04444,Instagram,3141,74,2
User_04445,YouTube,7649,1093,506
User_04446,Twitter,2274,279,372
User_04447,Twitter,2170,240,493
User_04448,YouTube,9561,839,262
User_04449,Twitter,703,259,440
User_04450,Twitter,537,20,106
User_04451,Instagram,4963,193,154
User_04452,Instagram,3428,200,194
User_04453,YouTube,6221,58,327
User_04454,Twitter,833,386,9
User_04455,Facebook,3607,401,165
User_04456,Facebook,3725,447,153
User_04457,Facebook,2513,207,64
User_04458,Facebook,174,121,233
User_04459,Twitter,1055,251,205
User_04460,Twitter,2939,240,191
User_04461,Facebook,3835,71,108
User_04462,Instagram,2060,490,76
User_04463,Instagram,2470,196,29
User_04464,YouTube,7720,801,674
User_04465,Twitter,339,308,151
User_04466,YouTube,8497,1139,493
User_04467,Instagram,3977,39,182
User_04468,YouTube,3269,645,523
User_04469,Facebook,130,56,39
User_04470,YouTube,1081,60,526
User_04471,Facebook,4308,195,8
User_04472,Twitter,1672,173,409
User_04473,Twitter,1441,320,168
User_04474,YouTube,6128,114,534
User_04475,Instagram,3641,393,251
User_04476,Twitter,3147,265,19
User_04477,Instagram,1306,482,195
User_04478,YouTube,7306,557,152
User_04479,Facebook,1648,52,159
User_04480,Twitter,1149,203,113
User_04481,Instagram,410,160,8
User_04482,Facebook,1633,219,147
User_04483,Facebook,3460,414,213
User_04484,Facebook,3537,285,147
User_04485,YouTube,3550,11,72
User_04486,Facebook,346,140,188
User_04487,Twitter,3243,35,113
User_04488,Twitter,698,346,253
User_04489,Instagram,705,347,237
User_04490,YouTube,6196,970,269
User_04491,YouTube,5449,1088,164
User_04492,YouTube,9829,512,236
User_04493,Instagram,3604,252,141
User_04494,YouTube,8436,625,515
User_04495,Twitter,230,304,154
User_04496,YouTube,1844,313,573
User_04497,Facebook,1833,132,120
User_04498,Facebook,847,362,140
User_04499,YouTube,6860,828,434
User_04500,YouTube,5000,176,253
User_04501,Facebook,3981,344,18
User_04502,YouTube,1032,902,420
User_04503,Twitter,650,214,243
User_04504,Instagram,2784,485,191
User_04505,Instagram,2573,125,251
User_04506,Twitter,1643,303,110
User_04507,Twitter,1781,122,147
User_04508,Facebook,1390,177,42
User_04509,YouTube,9823,781,89
User_04510,Instagram,722,47,6
User_04511,Facebook,4466,224,128
User_04512,Instagram,1294,31,3
User_04513,Twitter,747,18,69
User_04514,YouTube,6109,741,687
User_04515,Instagram,381,89,160
User_04516,YouTube,1737,89,601
User_04517,Instagram,373,319,2
User_04518,Facebook,1432,205,212
User_04519,Twitter,460,138,304
User_04520,YouTube,8719,156,632
User_04521,YouTube,2371,143,478
User_04522,YouTube,2678,1064,103
User_04523,Twitter,2504,116,353
User_04524,YouTube,624,815,351
User_04525,Facebook,3912,419,117
User_04526,YouTube,8437,637,305
User_04527,Twitter,1732,122,407
User_04528,YouTube,5451,441,251
User_04529,Twitter,629,362,80
User_04530,Instagram,700,35,62
User_04531,Facebook,922,234,34
User_04532,Facebook,641,149,199
User_04533,YouTube,5342,1196,249
User_04534,Twitter,1803,211,63
User_04535,YouTube,3536,979,676
User_04536,Instagram,3033,85,202
User_04537,Facebook,2866,38,14
User_04538,Instagram,2115,204,97
User_04539,Twitter,1918,339,495
User_04540,Twitter,3230,365,442
User_04541,YouTube,7466,282,339
User_04542,Twitter,2716,163,491
User_04543,Facebook,100,450,202
User_04544,Facebook,2092,217,25
User_04545,Twitter,1390,77,22
User_04546,Facebook,2006,267,156
User_04547,Twitter,1158,105,370
User_04548,Facebook,3463,24,199
User_04549,Instagram,3005,369,177
User_04550,YouTube,5624,15,112
User_04551,Twitter,3180,258,104
User_04552,Facebook,1250,175,176
User_04553,YouTube,8797,810,546
User_04554,Facebook,3603,399,245
User_04555,Instagram,3776,498,282
User_04556,YouTube,8927,944,50
User_04557,YouTube,5549,46,422
User_04558,Instagram,3937,429,215
User_04559,Twitter,2513,294,119
User_04560,YouTube,9781,466,465
User_04561,YouTube,5019,89,239
User_04562,YouTube,6568,553,9
User_04563,Facebook,372,118,245
User_04564,Twitter,998,205,2
User_04565,Twitter,215,40,411
User_04566,YouTube,8869,1129,431
User_04567,Instagram,4160,449,158
User_04568,Instagram,4118,302,111
User_04569,YouTube,1998,490,403
User_04570,YouTube,3003,1126,676
User_04571,Facebook,156,355,111
User_04572,Instagram,2743,336,127
User_04573,Twitter,104,52,67
User_04574,YouTube,2869,608,692
User_04575,YouTube,6908,341,441
User_04576,Facebook,1382,190,26
User_04577,YouTube,5170,1120,566
User_04578,Instagram,674,84,64
User_04579,Instagram,2012,38,140
User_04580,Facebook,968,396,117
User_04581,YouTube,2089,1034,552
User_04582,Twitter,2112,64,247
User_04583,YouTube,1464,739,99
User_04584,YouTube,2990,804,198
User_04585,YouTube,398,186,69
User_04586,Facebook,1234,180,43
User_04587,Facebook,3961,392,163
User_04588,YouTube,588,706,403
User_04589,Twitter,444,264,398
User_04590,Twitter,889,87,98
User_04591,Twitter,3188,302,383
User_04592,Instagram,1907,432,255
User_04593,Twitter,1606,166,329
User_04594,YouTube,3362,95,42
User_04595,Twitter,790,3,293
User_04596,YouTube,380,772,669
User_04597,YouTube,6908,25,327
User_04598,Twitter,369,70,432
User_04599,Instagram,4921,271,289
User_04600,Instagram,4906,74,244
User_04601,Twitter,2287,284,372
User_04602,YouTube,2062,76,658
User_04603,YouTube,4131,649,554
User_04604,Twitter,1221,21,440
User_04605,Instagram,499,485,155
User_04606,Facebook,2155,422,99
User_04607,Facebook,2339,179,219
User_04608,Twitter,324,273,187
User_04609,Instagram,4131,162,155
User_04610,Twitter,113,15,146
User_04611,YouTube,3127,200,145
User_04612,Instagram,3019,63,50
User_04613,YouTube,5568,661,131
User_04614,Facebook,1779,303,206
User_04615,Instagram,1946,30,143
User_04616,YouTube,9114,1118,86
User_04617,YouTube,9149,619,107
User_04618,Twitter,3101,22,160
User_04619,Twitter,400,338,171
User_04620,YouTube,952,290,75
User_04621,Instagram,4869,7,56
User_04622,Twitter,194,242,415
User_04623,YouTube,6751,1119,114
User_04624,YouTube,2701,1159,258
User_04625,Instagram,2786,91,96
User_04626,Instagram,187,245,113
User_04627,Facebook,1427,382,247
User_04628,Facebook,3381,7,176
User_04629,YouTube,9548,394,509
User_04630,Facebook,526,225,56
User_04631,Twitter,808,272,150
User_04632,YouTube,2331,838,609
User_04633,Twitter,2388,149,138
User_04634,Facebook,1061,366,109
User_04635,YouTube,8253,12,122
User_04636,Twitter,2439,99,383
User_04637,YouTube,2200,1190,193
User_04638,Instagram,2088,72,22
User_04639,Facebook,2087,386,13
User_04640,Instagram,3283,73,113
User_04641,YouTube,1945,1186,7
User_04642,Facebook,947,429,180
User_04643,Instagram,3436,59,176
User_04644,Facebook,3702,78,39
User_04645,Instagram,3070,171,212
User_04646,Twitter,2721,267,349
User_04647,YouTube,7364,422,655
User_04648,Facebook,1733,204,92
User_04649,Facebook,2028,255,127
User_04650,YouTube,7267,110,263
User_04651,Instagram,3599,242,83
User_04652,Instagram,538,388,236
User_04653,YouTube,3439,856,118
User_04654,YouTube,2405,590,291
User_04655,Facebook,3531,398,5
User_04656,Twitter,3238,392,272
User_04657,Instagram,4854,237,180
User_04658,YouTube,3775,930,210
User_04659,YouTube,7912,809,281
User_04660,Facebook,3975,117,114
User_04661,Facebook,180,404,62
User_04662,Twitter,1595,114,486
User_04663,Facebook,939,142,186
User_04664,YouTube,8652,531,106
User_04665,YouTube,8562,645,418
User_04666,Instagram,565,295,56
User_04667,Facebook,2356,134,209
User_04668,Facebook,4381,98,162
User_04669,Twitter,2184,3,77
User_04670,Instagram,2731,398,285
User_04671,Twitter,2346,176,1
User_04672,Twitter,812,97,56
User_04673,YouTube,7060,524,283
User_04674,Facebook,3332,347,217
User_04675,YouTube,1674,788,488
User_04676,Facebook,2046,171,13
User_04677,YouTube,5947,975,251
User_04678,YouTube,8179,476,446
User_04679,Instagram,674,57,291
User_04680,Facebook,1934,215,223
User_04681,Instagram,1729,244,213
User_04682,Instagram,890,353,282
User_04683,Twitter,2962,71,114
User_04684,Facebook,1829,194,26
User_04685,Instagram,2150,10,211
User_04686,Instagram,2347,334,232
User_04687,Facebook,805,179,238
User_04688,Facebook,1013,52,208
User_04689,YouTube,9902,1109,649
User_04690,Facebook,401,248,178
User_04691,YouTube,8964,352,678
User_04692,Instagram,4060,423,112
User_04693,Twitter,1374,53,46
User_04694,Facebook,2314,5,111
User_04695,YouTube,5947,936,574
User_04696,Facebook,260,383,26
User_04697,Instagram,2304,103,90
User_04698,Facebook,1958,382,13
User_04699,Facebook,1644,428,55
User_04700,Facebook,1126,156,119
User_04701,Instagram,3732,120,70
User_04702,Instagram,1015,376,106
User_04703,YouTube,5008,894,162
User_04704,Instagram,1353,247,195
User_04705,Instagram,1453,196,19
User_04706,Facebook,3483,60,23
User_04707,Facebook,1774,42,41
User_04708,Twitter,464,224,118
User_04709,Facebook,2220,370,135
User_04710,YouTube,7522,332,613
User_04711,Facebook,3718,222,46
User_04712,Twitter,1163,163,134
User_04713,Facebook,204,105,105
User_04714,YouTube,6252,1106,481
User_04715,Instagram,4812,64,66
User_04716,Instagram,1932,382,275
User_04717,Instagram,4638,250,204
User_04718,Facebook,472,270,48
User_04719,Facebook,1075,128,234
User_04720,Instagram,4214,444,280
User_04721,Instagram,2028,280,284
User_04722,Instagram,2828,273,277
User_04723,Instagram,2177,138,172
User_04724,Facebook,1500,27,111
User_04725,Twitter,3452,107,72
User_04726,Facebook,772,270,39
User_04727,Twitter,312,218,370
User_04728,Instagram,2686,240,86
User_04729,YouTube,5632,71,38
User_04730,Instagram,273,401,14
User_04731,Instagram,735,170,86
User_04732,Instagram,726,357,99
User_04733,Twitter,3318,52,225
User_04734,YouTube,1037,62,158
User_04735,YouTube,5225,786,693
User_04736,Instagram,4178,335,150
User_04737,YouTube,4373,336,92
User_04738,Facebook,4463,249,75
User_04739,Twitter,2159,395,40
User_04740,Facebook,1479,427,197
User_04741,YouTube,8315,96,326
User_04742,Twitter,1940,22,260
User_04743,Twitter,1934,15,23
User_04744,Instagram,72,343,135
User_04745,Facebook,3135,181,164
User_04746,YouTube,1553,750,533
User_04747,YouTube,8784,317,419
User_04748,Twitter,2326,64,121
User_04749,Twitter,631,139,262
User_04750,Facebook,2674,194,171
User_04751,Instagram,3049,163,89
User_04752,Twitter,3008,23,283
User_04753,Instagram,3898,32,210
User_04754,Facebook,2009,215,156
User_04755,Twitter,2551,183,403
User_04756,Instagram,4357,99,66
User_04757,Instagram,547,142,26
User_04758,Instagram,3258,134,272
User_04759,Instagram,4603,473,272
User_04760,Instagram,2193,325,134
User_04761,Facebook,3920,260,227
User_04762,Facebook,4264,104,98
User_04763,Facebook,4368,336,18
User_04764,Twitter,1116,126,80
User_04765,Instagram,1209,361,206
User_04766,YouTube,2899,1078,590
User_04767,YouTube,6778,619,167
User_04768,Instagram,2038,455,216
User_04769,Facebook,3056,374,187
User_04770,Twitter,896,55,159
User_04771,YouTube,1446,956,46
User_04772,Twitter,1214,325,200
User_04773,Facebook,2945,389,97
User_04774,YouTube,793,392,417
User_04775,Facebook,3063,179,141
User_04776,Facebook,2447,103,247
User_04777,Instagram,743,245,195
User_04778,YouTube,6836,583,302
User_04779,Instagram,1900,379,57
User_04780,YouTube,4055,1148,517
User_04781,Facebook,2296,174,187
User_04782,Facebook,3854,317,214
User_04783,Instagram,2834,24,150
User_04784,Instagram,2436,127,106
User_04785,Facebook,1751,396,212
User_04786,YouTube,3283,1087,268
User_04787,YouTube,2101,818,232
User_04788,Facebook,877,51,26
User_04789,Twitter,2175,240,370
User_04790,Instagram,4509,29,103
User_04791,Facebook,788,328,175
User_04792,Facebook,4075,115,36
User_04793,Twitter,2657,167,116
User_04794,Instagram,3381,442,19
User_04795,Instagram,737,475,260
User_04796,Twitter,3126,169,200
User_04797,Instagram,3832,496,258
User_04798,Twitter,3210,284,369
User_04799,Instagram,137,471,96
User_04800,Facebook,257,420,9
User_04801,Instagram,2790,403,214
User_04802,Instagram,4553,70,270
User_04803,Instagram,2052,357,195
User_04804,YouTube,7837,1028,275
User_04805,YouTube,9866,255,430
User_04806,Instagram,1800,205,190
User_04807,YouTube,2294,128,83
User_04808,YouTube,9990,155,131
User_04809,YouTube,1883,1114,304
User_04810,Facebook,1935,208,137
User_04811,Twitter,1424,15,301
User_04812,Facebook,3376,104,45
User_04813,Facebook,1806,315,156
User_04814,Facebook,642,127,117
User_04815,YouTube,5591,701,433
User_04816,Instagram,805,135,20
User_04817,YouTube,2230,1074,553
User_04818,Twitter,3080,23,425
User_04819,YouTube,448,701,248
User_04820,Twitter,1639,221,223
User_04821,Instagram,4304,360,51
User_04822,Instagram,1105,223,11
User_04823,Instagram,1630,452,30
User_04824,Facebook,2999,204,103
User_04825,Instagram,273,202,80
User_04826,Twitter,317,166,482
User_04827,Facebook,858,94,198
User_04828,Facebook,2120,179,93
User_04829,Instagram,3570,265,283
User_04830,Facebook,3613,297,29
User_04831,Twitter,2585,250,218
User_04832,Facebook,1767,273,214
User_04833,YouTube,4857,92,123
User_04834,Facebook,2530,288,3
User_04835,Twitter,3215,101,176
User_04836,YouTube,3989,986,688
User_04837,Facebook,3377,28,56
User_04838,Facebook,3106,319,187
User_04839,Instagram,487,57,191
User_04840,Twitter,2850,357,10
User_04841,Instagram,4206,193,291
User_04842,Instagram,2420,151,295
User_04843,Facebook,169,370,117
User_04844,YouTube,9650,349,417
User_04845,Twitter,3160,321,294
User_04846,Twitter,3217,338,152
User_04847,Twitter,387,269,152
User_04848,Facebook,4424,406,95
User_04849,Twitter,2628,293,128
User_04850,Facebook,2746,294,28
User_04851,YouTube,448,1034,322
User_04852,Facebook,1474,102,29
User_04853,Facebook,1867,155,201
User_04854,Facebook,3561,211,146
User_04855,Instagram,3390,323,13
User_04856,Twitter,654,205,328
User_04857,Instagram,3795,396,215
User_04858,Instagram,3670,94,112
User_04859,YouTube,9302,477,537
User_04860,Facebook,2708,348,171
User_04861,YouTube,4097,1075,146
User_04862,Instagram,2382,428,3
User_04863,YouTube,6776,251,150
User_04864,Twitter,1418,17,282
User_04865,Facebook,3367,307,197
User_04866,YouTube,9021,310,449
User_04867,YouTube,1631,1137,396
User_04868,Twitter,1431,210,323
User_04869,Instagram,1824,12,289
User_04870,Twitter,3332,220,51
User_04871,Facebook,1598,418,137
User_04872,YouTube,9463,699,128
User_04873,YouTube,3246,556,413
User_04874,Facebook,2011,305,205
User_04875,YouTube,8439,566,646
User_04876,Instagram,291,431,86
User_04877,Twitter,3101,116,1
User_04878,Instagram,4259,227,202
User_04879,Twitter,276,30,60
User_04880,Twitter,2083,105,39
User_04881,Instagram,1633,421,173
User_04882,Instagram,442,489,35
User_04883,Twitter,2181,30,314
User_04884,YouTube,1412,610,649
User_04885,Instagram,2682,32,234
User_04886,Twitter,3188,92,442
User_04887,Facebook,3671,333,107
User_04888,Facebook,452,378,96
User_04889,Facebook,2332,143,6
User_04890,Twitter,1824,228,307
User_04891,YouTube,6501,342,64
User_04892,Twitter,592,373,207
User_04893,Twitter,2770,68,306
User_04894,Facebook,2862,14,144
User_04895,Instagram,4081,376,244
User_04896,Twitter,215,84,290
User_04897,Instagram,2208,16,205
User_04898,YouTube,1200,409,208
User_04899,Facebook,3758,123,24
User_04900,Facebook,2613,188,185
User_04901,Facebook,1699,181,236
User_04902,Twitter,465,241,279
User_04903,Instagram,3853,10,106
User_04904,Facebook,872,45,156
User_04905,Facebook,43,199,30
User_04906,Facebook,3496,126,213
User_04907,YouTube,2268,967,512
User_04908,YouTube,6260,258,199
User_04909,Facebook,3705,43,230
User_04910,YouTube,5131,551,611
User_04911,Instagram,1431,447,298
User_04912,YouTube,882,298,410
User_04913,YouTube,8460,98,101
User_04914,Twitter,1148,147,28
User_04915,Facebook,3740,109,176
User_04916,YouTube,1764,825,486
User_04917,Instagram,1211,468,239
User_04918,Twitter,2753,264,88
User_04919,Facebook,655,12,215
User_04920,Facebook,795,256,230
User_04921,Facebook,878,326,51
User_04922,YouTube,8610,869,180
User_04923,YouTube,8149,906,244
User_04924,Twitter,3404,120,448
User_04925,Facebook,981,439,133
User_04926,Facebook,4492,353,83
User_04927,Twitter,139,175,118
User_04928,Twitter,3046,13,253
User_04929,Twitter,1669,350,475
User_04930,Instagram,3765,249,33
User_04931,Twitter,2053,122,461
User_04932,Twitter,2142,77,441
User_04933,Instagram,3040,396,3
User_04934,Twitter,2234,75,44
User_04935,Facebook,1518,119,163
User_04936,YouTube,5472,336,93
User_04937,Twitter,2800,339,188
User_04938,Instagram,2794,281,231
User_04939,Instagram,2220,212,293
User_04940,Facebook,636,272,168
User_04941,Facebook,635,297,37
User_04942,YouTube,9403,824,472
User_04943,Instagram,4617,307,275
User_04944,YouTube,3953,890,643
User_04945,YouTube,9057,43,167
User_04946,Facebook,349,440,86
User_04947,Instagram,1932,344,279
User_04948,Twitter,2965,308,367
User_04949,YouTube,8412,607,668
User_04950,Facebook,2482,315,88
User_04951,Instagram,738,150,179
User_04952,Twitter,2584,281,260
User_04953,Twitter,3338,386,468
User_04954,Instagram,3665,51,184
User_04955,Facebook,1967,283,104
User_04956,Twitter,1619,246,101
User_04957,Facebook,254,320,117
User_04958,YouTube,6333,169,633
User_04959,Instagram,3829,258,274
User_04960,Twitter,1594,279,77
User_04961,Twitter,2091,256,368
User_04962,Facebook,1100,168,134
User_04963,Facebook,4086,388,11
User_04964,YouTube,8691,11,413
User_04965,Facebook,1985,193,15
User_04966,YouTube,589,748,404
User_04967,Twitter,3000,319,170
User_04968,Twitter,2351,21,16
User_04969,Instagram,1425,148,279
User_04970,Facebook,2846,441,97
User_04971,YouTube,4215,383,541
User_04972,Twitter,1906,305,202
User_04973,Facebook,1189,185,213
User_04974,YouTube,3142,515,654
User_04975,Facebook,4403,383,149
User_04976,YouTube,6512,465,204
User_04977,Instagram,2836,212,86
User_04978,YouTube,1404,681,196
User_04979,YouTube,8018,374,356
User_04980,Twitter,706,296,88
User_04981,Twitter,2433,115,445
User_04982,Facebook,2852,276,157
User_04983,YouTube,1774,467,521
User_04984,Instagram,4636,368,202
User_04985,YouTube,6093,62,666
User_04986,Twitter,2145,136,490
User_04987,Twitter,2308,168,9
User_04988,YouTube,8091,598,272
User_04989,Facebook,102,104,80
User_04990,Instagram,4246,427,297
User_04991,Instagram,977,472,248
User_04992,Twitter,695,26,102
User_04993,YouTube,9635,493,280
User_04994,Instagram,754,434,188
User_04995,Facebook,3271,162,24
User_04996,YouTube,4911,939,115
User_04997,YouTube,5470,424,114
User_04998,Facebook,1461,192,160
User_04999,Facebook,3476,248,188
User_05000,Instagram,2000,413,220
User_05001,Twitter,1319,25,9
User_05002,YouTube,2552,233,295
User_05003,Instagram,338,402,183
User_05004,Facebook,3780,201,159
User_05005,Instagram,4897,273,244
User_05006,Instagram,1128,392,246
User_05007,Instagram,2275,189,68
User_05008,Facebook,4252,274,144
User_05009,YouTube,6689,343,145
User_05010,YouTube,9232,886,431
User_05011,Instagram,2707,447,300
User_05012,Twitter,3265,388,231
User_05013,Twitter,1164,154,442
User_05014,Facebook,1172,257,182
User_05015,YouTube,8459,700,690
User_05016,YouTube,8969,705,607
User_05017,Twitter,1509,164,404
User_05018,YouTube,3012,1038,136
User_05019,YouTube,2044,179,443
User_05020,YouTube,516,288,11
User_05021,Instagram,401,84,159
User_05022,YouTube,3861,485,79
User_05023,Facebook,1114,334,226
User_05024,Instagram,2720,449,164
User_05025,Instagram,1756,7,167
User_05026,YouTube,7972,79,539
User_05027,Facebook,3527,289,190
User_05028,Facebook,862,150,79
User_05029,YouTube,8616,1084,636
User_05030,Twitter,1600,302,318
User_05031,Twitter,610,257,494
User_05032,Facebook,3505,234,232
User_05033,Twitter,2966,151,330
User_05034,Twitter,633,384,4
User_05035,Facebook,3040,438,133
User_05036,Facebook,3061,152,55
User_05037,Instagram,4357,116,90
User_05038,Instagram,1145,102,34
User_05039,Facebook,1679,315,38
User_05040,Instagram,2547,324,49
User_05041,Instagram,3139,383,6
User_05042,Instagram,4306,130,214
User_05043,YouTube,8120,337,213
User_05044,Twitter,1433,14,273
User_05045,Facebook,3903,211,134
User_05046,Instagram,3785,95,94
User_05047,YouTube,7965,960,333
User_05048,YouTube,6050,1161,647
User_05049,YouTube,8027,287,393
User_05050,Facebook,307,171,38
User_05051,Instagram,4235,423,234
User_05052,Twitter,2713,285,124
User_05053,Instagram,3265,32,283
User_05054,Facebook,3640,66,167
User_05055,Twitter,739,34,235
User_05056,Facebook,1664,231,203
User_05057,Facebook,1564,433,239
User_05058,Instagram,2719,98,90
User_05059,Facebook,1793,384,107
User_05060,Facebook,865,380,111
User_05061,YouTube,9687,164,660
User_05062,YouTube,3971,1142,568
User_05063,Facebook,1977,90,85
User_05064,YouTube,4106,1192,558
User_05065,Facebook,2663,289,242
User_05066,YouTube,4470,865,130
User_05067,Twitter,2988,332,238
User_05068,Twitter,916,84,414
User_05069,Twitter,1207,128,483
User_05070,Instagram,4727,175,135
User_05071,YouTube,9563,1030,630
User_05072,Instagram,1528,462,230
User_05073,Twitter,31,97,293
User_05074,Facebook,3645,40,43
User_05075,Instagram,2762,131,241
User_05076,Twitter,2964,59,110
User_05077,Twitter,2919,169,71
User_05078,Facebook,1110,81,9
User_05079,Instagram,1153,411,188
User_05080,Twitter,3006,373,442
User_05081,Instagram,4539,101,90
User_05082,Instagram,414,140,285
User_05083,Twitter,2504,353,454
User_05084,Twitter,2144,259,260
User_05085,Twitter,1450,352,108
User_05086,YouTube,8526,741,194
User_05087,Facebook,4422,206,238
User_05088,Instagram,381,108,10
User_05089,YouTube,5049,493,402
User_05090,Instagram,4741,442,295
User_05091,YouTube,1893,952,73
User_05092,YouTube,2770,440,589
User_05093,Instagram,237,403,78
User_05094,Facebook,2892,344,8
User_05095,Instagram,2530,106,246
User_05096,YouTube,8478,404,63
User_05097,Facebook,80,300,108
User_05098,Twitter,358,109,352
User_05099,Twitter,400,313,496
User_05100,Instagram,1239,208,26
User_05101,Facebook,1283,64,55
User_05102,Facebook,1007,448,177
User_05103,Twitter,1699,240,386
User_05104,Facebook,478,63,157
User_05105,Instagram,999,62,197
User_05106,Twitter,448,68,468
User_05107,Facebook,382,66,160
User_05108,Instagram,3707,74,177
User_05109,Twitter,1038,103,474
User_05110,Facebook,343,155,148
User_05111,Facebook,3574,199,88
User_05112,Facebook,4432,11,171
User_05113,Facebook,3770,338,226
User_05114,YouTube,8635,222,158
User_05115,YouTube,2985,215,97
User_05116,YouTube,472,1153,409
User_05117,Facebook,2801,445,4
User_05118,YouTube,2305,317,615
User_05119,YouTube,6253,273,22
User_05120,Facebook,3044,184,186
User_05121,Twitter,3459,35,415
User_05122,Instagram,1808,371,293
User_05123,YouTube,2200,1026,22
User_05124,Instagram,1924,237,62
User_05125,Facebook,2296,102,110
User_05126,YouTube,9106,678,557
User_05127,YouTube,6446,638,138
User_05128,Facebook,261,137,243
User_05129,Instagram,1329,18,74
User_05130,Twitter,240,218,64
User_05131,YouTube,2753,991,241
User_05132,Twitter,1158,32,86
User_05133,Instagram,3679,373,45
User_05134,Twitter,1765,304,12
User_05135,Twitter,954,68,65
User_05136,YouTube,8800,229,355
User_05137,YouTube,4377,334,651
User_05138,Instagram,1867,364,148
User_05139,Instagram,2095,35,65
User_05140,Instagram,3025,469,209
User_05141,Twitter,2331,395,328
User_05142,Twitter,1529,218,458
User_05143,YouTube,1163,769,458
User_05144,YouTube,6194,593,440
User_05145,Facebook,2056,133,124
User_05146,Instagram,1171,433,130
User_05147,Twitter,1798,3,57
User_05148,Instagram,4596,35,62
User_05149,Instagram,367,111,15
User_05150,Twitter,2288,119,52
User_05151,Twitter,1652,143,391
User_05152,Instagram,4055,87,218
User_05153,Instagram,4509,11,266
User_05154,Instagram,3050,234,56
User_05155,Facebook,289,449,186
User_05156,Instagram,2857,365,33
User_05157,Twitter,365,102,261
User_05158,Instagram,3397,236,54
User_05159,Facebook,481,241,184
User_05160,Facebook,2760,45,250
User_05161,Instagram,2407,189,273
User_05162,YouTube,8161,624,209
User_05163,Twitter,736,60,361
User_05164,Facebook,243,13,146
User_05165,Twitter,764,180,273
User_05166,YouTube,7420,882,444
User_05167,YouTube,8229,70,214
User_05168,Instagram,4647,7,172
User_05169,Facebook,1681,315,105
User_05170,Facebook,3640,135,216
User_05171,Twitter,1632,225,422
User_05172,Facebook,686,185,151
User_05173,Instagram,4347,128,72
User_05174,Twitter,97,18,30
User_05175,YouTube,6702,859,440
User_05176,Instagram,2594,499,171
User_05177,Instagram,605,412,61
User_05178,Instagram,3711,306,250
User_05179,Twitter,529,131,20
User_05180,Instagram,2201,304,122
User_05181,Instagram,4661,392,140
User_05182,Instagram,2630,132,35
User_05183,YouTube,2920,96,266
User_05184,Instagram,4880,157,256
User_05185,Twitter,3228,312,271
User_05186,Twitter,2636,116,332
User_05187,Instagram,1677,242,226
User_05188,Instagram,3446,200,286
User_05189,YouTube,1772,851,396
User_05190,Instagram,1266,115,250
User_05191,YouTube,904,1003,496
User_05192,YouTube,4167,487,183
User_05193,YouTube,7258,384,220
User_05194,YouTube,9649,1174,121
User_05195,Twitter,3325,9,35
User_05196,YouTube,2805,892,681
User_05197,Facebook,255,114,121
User_05198,Instagram,4273,240,278
User_05199,Facebook,905,50,107
User_05200,Instagram,1347,343,16
User_05201,YouTube,1657,1127,90
User_05202,Facebook,3065,355,181
User_05203,Twitter,620,59,43
User_05204,Twitter,111,376,429
User_05205,YouTube,8426,72,77
User_05206,Twitter,1085,157,274
User_05207,Facebook,1356,393,32
User_05208,Twitter,1478,269,263
User_05209,Facebook,3647,264,97
User_05210,Twitter,67,278,89
User_05211,Instagram,260,137,278
User_05212,Instagram,3480,247,165
User_05213,Twitter,2750,49,425
User_05214,Facebook,1587,199,146
User_05215,Instagram,2503,309,208
User_05216,Instagram,738,483,82
User_05217,Twitter,2782,304,139
User_05218,Facebook,3509,291,233
User_05219,Facebook,3835,376,194
User_05220,Twitter,2389,345,477
User_05221,Twitter,2742,327,26
User_05222,YouTube,806,736,239
User_05223,Instagram,2168,468,47
User_05224,Twitter,480,183,219
User_05225,Instagram,4099,465,284
User_05226,Facebook,1490,254,74
User_05227,Facebook,2770,375,98
User_05228,YouTube,1853,952,599
User_05229,Twitter,764,151,328
User_05230,Instagram,3504,364,146
User_05231,Twitter,1591,281,128
User_05232,YouTube,7133,62,277
User_05233,Twitter,2115,161,78
User_05234,Instagram,3686,10,80
User_05235,YouTube,1774,800,150
User_05236,Facebook,2952,301,196
User_05237,Facebook,3371,145,140
User_05238,Facebook,42,262,249
User_05239,Facebook,2218,278,104
User_05240,Facebook,376,228,37
User_05241,YouTube,6574,992,159
User_05242,Twitter,2485,296,35
User_05243,Twitter,110,321,427
User_05244,Instagram,780,158,39
User_05245,Facebook,965,305,231
User_05246,Facebook,2970,343,195
User_05247,Facebook,1715,370,106
User_05248,Instagram,1955,114,245
User_05249,Twitter,21,176,96
User_05250,Facebook,398,135,84
User_05251,Instagram,3331,175,13
User_05252,Facebook,2991,147,194
User_05253,YouTube,8219,306,273
User_05254,Instagram,847,224,164
User_05255,Instagram,1633,361,150
User_05256,YouTube,562,1171,431
User_05257,Twitter,3481,34,241
User_05258,Twitter,3081,35,396
User_05259,Facebook,2159,309,139
User_05260,Instagram,4528,282,3
User_05261,Twitter,1911,284,75
User_05262,Instagram,2274,45,228
User_05263,YouTube,6878,1068,112
User_05264,Facebook,2714,323,49
User_05265,Twitter,2586,194,485
User_05266,YouTube,9044,874,636
User_05267,Facebook,3282,361,160
User_05268,Twitter,1296,261,196
User_05269,YouTube,1579,680,353
User_05270,YouTube,5237,110,118
User_05271,Instagram,1154,374,94
User_05272,Instagram,3963,189,128
User_05273,Twitter,2865,24,180
User_05274,Instagram,626,247,42
User_05275,Twitter,2816,374,32
User_05276,Facebook,4445,390,199
User_05277,Twitter,868,217,161
User_05278,Facebook,3405,368,167
User_05279,Facebook,859,268,150
User_05280,YouTube,5468,772,618
User_05281,Instagram,3154,253,5
User_05282,Instagram,252,309,295
User_05283,YouTube,2326,621,548
User_05284,YouTube,3031,106,305
User_05285,Twitter,1556,351,443
User_05286,YouTube,9221,900,446
User_05287,Twitter,1701,27,168
User_05288,Twitter,1093,84,8
User_05289,YouTube,5256,877,377
User_05290,Twitter,3117,228,175
User_05291,Instagram,4729,235,159
User_05292,YouTube,3716,403,523
User_05293,Instagram,3532,71,126
User_05294,YouTube,4328,838,395
User_05295,Facebook,1549,399,109
User_05296,YouTube,4838,120,116
User_05297,Twitter,2611,173,310
User_05298,YouTube,3850,119,14
User_05299,Twitter,676,97,61
User_05300,Facebook,1286,155,48
User_05301,Twitter,1773,246,356
User_05302,Twitter,1292,207,69
User_05303,YouTube,1203,809,33
User_05304,Instagram,697,95,145
User_05305,Instagram,806,195,259
User_05306,YouTube,8839,1068,659
User_05307,Twitter,265,5,390
User_05308,Instagram,937,247,266
User_05309,Twitter,1990,366,254
User_05310,Facebook,1644,45,46
User_05311,YouTube,7375,37,284
User_05312,Twitter,572,369,210
User_05313,YouTube,2788,880,82
User_05314,Facebook,948,89,15
User_05315,Facebook,4371,133,60
User_05316,Twitter,1421,118,221
User_05317,YouTube,9745,800,550
User_05318,Instagram,3828,288,181
User_05319,Facebook,3058,140,244
User_05320,Facebook,2577,70,33
User_05321,Facebook,4164,171,226
User_05322,YouTube,6031,559,53
User_05323,Instagram,3566,135,158
User_05324,YouTube,4772,966,351
User_05325,Facebook,1652,437,227
User_05326,Instagram,962,76,101
User_05327,Facebook,3705,151,199
User_05328,Twitter,2814,319,376
User_05329,Instagram,3742,229,205
User_05330,Facebook,2029,345,77
User_05331,Facebook,4048,91,9
User_05332,Facebook,4454,199,177
User_05333,Facebook,636,248,92
User_05334,Instagram,4497,36,36
User_05335,Twitter,1031,23,131
User_05336,YouTube,3284,77,400
User_05337,Facebook,2702,373,141
User_05338,Facebook,2225,324,230
User_05339,Facebook,2751,439,60
User_05340,YouTube,293,83,654
User_05341,Instagram,4266,40,204
User_05342,Twitter,1962,260,147
User_05343,Instagram,3531,181,90
User_05344,YouTube,4263,530,691
User_05345,YouTube,4386,546,442
User_05346,Instagram,4405,112,275
User_05347,YouTube,1180,983,622
User_05348,Facebook,3729,365,202
User_05349,Instagram,177,333,166
User_05350,Facebook,1050,80,139
User_05351,Twitter,2077,264,339
User_05352,YouTube,8928,800,642
User_05353,Twitter,2421,272,264
User_05354,Facebook,539,161,82
User_05355,Twitter,2390,361,69
User_05356,Twitter,448,142,430
User_05357,Twitter,2809,72,130
User_05358,Twitter,972,20,415
User_05359,Instagram,4950,281,197
User_05360,YouTube,2967,558,140
User_05361,Facebook,1894,308,117
User_05362,Facebook,4311,125,62
User_05363,Instagram,1286,62,283
User_05364,Twitter,143,202,472
User_05365,Facebook,1761,93,134
User_05366,Instagram,4785,290,110
User_05367,Facebook,1233,67,13
User_05368,Instagram,172,99,119
User_05369,Facebook,57,13,18
User_05370,Twitter,1909,224,195
User_05371,Instagram,421,470,17
User_05372,Twitter,2948,199,63
User_05373,Instagram,4537,47,153
User_05374,Facebook,3092,201,205
User_05375,Instagram,2415,36,122
User_05376,YouTube,5331,509,661
User_05377,Instagram,4880,266,26
User_05378,Twitter,1151,217,401
User_05379,Facebook,1637,166,81
User_05380,Twitter,2431,163,427
User_05381,Instagram,335,6,103
User_05382,Instagram,3794,432,208
User_05383,Facebook,68,194,211
User_05384,YouTube,5497,786,453
User_05385,Instagram,2764,15,25
User_05386,Twitter,1792,344,200
User_05387,Twitter,1120,49,38
User_05388,Instagram,3269,474,191
User_05389,YouTube,1517,194,235
User_05390,YouTube,125,925,559
User_05391,YouTube,1747,826,633
User_05392,YouTube,7791,95,540
User_05393,Instagram,3058,400,289
User_05394,Facebook,3561,219,142
User_05395,Facebook,2450,288,38
User_05396,Twitter,2208,373,291
User_05397,Twitter,672,200,311
User_05398,Twitter,3234,9,271
User_05399,Facebook,4463,226,144
User_05400,Instagram,3920,275,250
User_05401,Instagram,3032,20,191
User_05402,Twitter,759,187,233
User_05403,Instagram,4714,237,195
User_05404,Instagram,4921,126,66
User_05405,Instagram,762,72,222
User_05406,YouTube,7547,1079,596
User_05407,Facebook,3154,12,79
User_05408,Instagram,4582,442,4
User_05409,YouTube,2380,159,477
User_05410,YouTube,5598,1055,326
User_05411,Instagram,3822,254,235
User_05412,YouTube,1578,292,504
User_05413,YouTube,6409,388,81
User_05414,Instagram,4488,349,284
User_05415,Facebook,2336,52,157
User_05416,Twitter,584,225,137
User_05417,Facebook,1372,77,156
User_05418,Twitter,1389,264,301
User_05419,Instagram,3730,32,137
User_05420,YouTube,4464,280,112
User_05421,YouTube,4911,773,502
User_05422,Instagram,2662,227,260
User_05423,Facebook,63,437,149
User_05424,Facebook,1074,437,224
User_05425,YouTube,8241,10,593
User_05426,Instagram,457,37,206
User_05427,Facebook,2843,214,72
User_05428,Instagram,3813,92,110
User_05429,Facebook,2321,438,223
User_05430,Twitter,747,259,84
User_05431,YouTube,4687,20,64
User_05432,Instagram,4027,271,266
User_05433,Facebook,1358,357,69
User_05434,Twitter,1004,48,70
User_05435,Twitter,316,201,483
User_05436,YouTube,202,996,72
User_05437,Instagram,2928,487,289
User_05438,Instagram,799,64,296
User_05439,YouTube,116,374,479
User_05440,Instagram,755,166,97
User_05441,Twitter,351,384,451
User_05442,Instagram,3021,121,227
User_05443,Instagram,4715,74,104
User_05444,Instagram,318,241,38
User_05445,Twitter,2451,162,349
User_05446,Instagram,87,494,249
User_05447,YouTube,1519,1042,592
User_05448,YouTube,9304,680,305
User_05449,Facebook,1193,413,147
User_05450,Twitter,1712,305,285
User_05451,Facebook,3416,181,35
User_05452,YouTube,4671,977,123
User_05453,Twitter,3445,377,46
User_05454,Facebook,3924,108,208
User_05455,YouTube,8921,179,223
User_05456,Instagram,340,137,172
User_05457,Instagram,1309,185,289
User_05458,Twitter,928,352,94
User_05459,Instagram,3886,461,153
User_05460,Facebook,2988,229,67
User_05461,Facebook,2803,82,109
User_05462,Instagram,3372,446,141
User_05463,Twitter,179,383,220
User_05464,Twitter,813,303,281
User_05465,Facebook,2099,158,240
User_05466,Facebook,2527,95,83
User_05467,Facebook,3174,413,234
User_05468,YouTube,6750,292,558
User_05469,Instagram,2760,176,29
User_05470,Twitter,3363,229,475
User_05471,YouTube,921,815,373
User_05472,Twitter,2559,173,181
User_05473,Instagram,3033,496,205
User_05474,Facebook,1727,294,48
User_05475,Instagram,4916,22,278
User_05476,YouTube,5417,229,48
User_05477,Twitter,2596,360,159
User_05478,Instagram,4965,57,121
User_05479,Instagram,732,56,238
User_05480,Twitter,408,309,352
User_05481,Instagram,1215,173,153
User_05482,Twitter,2813,201,28
User_05483,Facebook,1417,329,8
User_05484,Twitter,2957,319,190
User_05485,Facebook,2621,423,237
User_05486,YouTube,1462,372,5
User_05487,Instagram,1157,98,226
User_05488,YouTube,9371,741,65
User_05489,Instagram,1343,445,215
User_05490,Instagram,696,168,58
User_05491,YouTube,3615,384,360
User_05492,YouTube,7311,705,37
User_05493,Twitter,1177,24,490
User_05494,Twitter,429,393,227
User_05495,Facebook,1097,242,154
User_05496,Instagram,2948,367,189
User_05497,Instagram,1939,346,35
User_05498,Instagram,129,206,149
User_05499,Facebook,2530,400,186
User_05500,Instagram,1715,358,298
User_05501,Instagram,74,147,180
User_05502,Facebook,297,114,111
User_05503,Instagram,4199,318,147
User_05504,Instagram,639,282,155
User_05505,Instagram,1863,339,174
User_05506,Facebook,2982,182,196
User_05507,Facebook,3102,356,147
User_05508,YouTube,2500,103,375
User_05509,Twitter,309,19,31
User_05510,Twitter,2014,293,482
User_05511,Instagram,207,208,294
User_05512,Twitter,3396,282,31
User_05513,Instagram,4528,203,226
User_05514,Twitter,1096,24,399
User_05515,Facebook,3963,261,70
User_05516,Facebook,1824,344,51
User_05517,YouTube,5125,1199,388
User_05518,Facebook,208,6,102
User_05519,Twitter,1897,195,389
User_05520,Facebook,2777,172,4
User_05521,Facebook,1356,329,91
User_05522,Instagram,647,257,110
User_05523,Twitter,1302,132,67
User_05524,Twitter,772,148,55
User_05525,Twitter,2220,132,95
User_05526,Instagram,1580,343,295
User_05527,Facebook,1832,409,58
User_05528,YouTube,5523,205,76
User_05529,Instagram,311,297,22
User_05530,Twitter,3456,348,24
User_05531,YouTube,4102,21,657
User_05532,Twitter,2110,131,125
User_05533,Instagram,1290,458,61
User_05534,Instagram,3195,206,229
User_05535,Facebook,1154,320,239
User_05536,Instagram,2356,463,173
User_05537,Twitter,1388,388,449
User_05538,Twitter,1344,291,441
User_05539,Facebook,758,92,153
User_05540,Twitter,1296,87,203
User_05541,Instagram,1941,493,125
User_05542,Twitter,2768,93,409
User_05543,Instagram,1208,239,191
User_05544,YouTube,8630,392,84
User_05545,YouTube,7668,958,30
User_05546,Facebook,48,232,31
User_05547,Instagram,2870,436,84
User_05548,Facebook,90,97,50
User_05549,Twitter,2888,88,51
User_05550,Facebook,593,185,234
User_05551,Instagram,4328,298,252
User_05552,Instagram,3048,294,50
User_05553,Twitter,455,397,58
User_05554,Twitter,886,276,191
User_05555,YouTube,9115,1137,88
User_05556,YouTube,9422,959,486
User_05557,Facebook,811,200,144
User_05558,Instagram,462,389,175
User_05559,Facebook,3961,278,197
User_05560,Facebook,590,285,98
User_05561,Facebook,4205,302,124
User_05562,Facebook,4210,146,86
User_05563,YouTube,975,206,531
User_05564,Facebook,1417,374,195
User_05565,Twitter,685,2,28
User_05566,Facebook,1791,319,77
User_05567,Facebook,1913,74,171
User_05568,Facebook,524,134,24
User_05569,YouTube,4666,1007,290
User_05570,Facebook,1118,388,222
User_05571,Instagram,590,220,186
User_05572,Facebook,123,349,34
User_05573,Instagram,1095,23,108
User_05574,Instagram,2319,484,78
User_05575,Facebook,1114,71,185
User_05576,Twitter,2059,185,436
User_05577,Facebook,885,129,97
User_05578,Facebook,379,402,196
User_05579,Facebook,4163,52,108
User_05580,YouTube,870,843,264
User_05581,Twitter,827,3,350
User_05582,Instagram,2871,371,120
User_05583,Twitter,1891,237,183
User_05584,Twitter,2414,51,313
User_05585,Facebook,1121,398,20
User_05586,Instagram,1376,311,47
User_05587,Twitter,2816,353,381
User_05588,Instagram,3897,157,195
User_05589,Instagram,1353,303,273
User_05590,Facebook,1017,407,9
User_05591,YouTube,4162,1118,287
User_05592,Instagram,3221,205,85
User_05593,Facebook,704,415,224
User_05594,Facebook,1010,219,126
User_05595,Instagram,4154,33,189
User_05596,Twitter,2302,190,497
User_05597,Twitter,3466,203,236
User_05598,Instagram,3188,124,203
User_05599,Facebook,729,297,133
User_05600,Twitter,1502,187,31
User_05601,YouTube,9622,597,265
User_05602,YouTube,692,913,446
User_05603,Twitter,824,352,157
User_05604,Facebook,1880,295,108
User_05605,YouTube,239,629,667
User_05606,Twitter,705,234,98
User_05607,Facebook,1423,202,36
User_05608,Twitter,3436,62,46
User_05609,YouTube,2506,533,226
User_05610,Twitter,2745,72,471
User_05611,YouTube,9189,666,277
User_05612,Facebook,870,352,133
User_05613,Instagram,4422,381,254
User_05614,Instagram,3388,80,124
User_05615,YouTube,1486,1179,394
User_05616,YouTube,3714,421,578
User_05617,YouTube,4022,284,293
User_05618,Twitter,784,189,342
User_05619,Instagram,3037,277,122
User_05620,Facebook,2051,138,245
User_05621,Facebook,324,419,178
User_05622,Facebook,675,45,182
User_05623,YouTube,8767,1032,420
User_05624,Instagram,3112,373,138
User_05625,YouTube,7749,809,582
User_05626,YouTube,8281,687,469
User_05627,Twitter,2423,366,459
User_05628,YouTube,5596,418,374
User_05629,Facebook,3616,194,146
User_05630,Twitter,1129,203,198
User_05631,Twitter,3325,34,221
User_05632,Facebook,2336,69,22
User_05633,Facebook,2851,151,96
User_05634,Instagram,4436,362,6
User_05635,YouTube,5119,1050,94
User_05636,YouTube,3137,827,615
User_05637,Facebook,2686,407,242
User_05638,YouTube,9532,790,411
User_05639,YouTube,7418,382,120
User_05640,Facebook,150,237,224
User_05641,YouTube,2339,500,381
User_05642,Instagram,2226,97,199
User_05643,Instagram,2392,31,137
User_05644,Facebook,2070,410,231
User_05645,Facebook,3443,423,31
User_05646,YouTube,5289,642,223
User_05647,Instagram,3759,295,213
User_05648,Facebook,3791,120,28
User_05649,Instagram,295,278,64
User_05650,Twitter,2194,184,471
User_05651,Facebook,1203,66,22
User_05652,YouTube,9094,924,99
User_05653,YouTube,5315,330,219
User_05654,YouTube,4677,370,448
User_05655,Twitter,1083,138,433
User_05656,Twitter,219,59,255
User_05657,Facebook,1380,450,167
User_05658,Instagram,4383,215,176
User_05659,Facebook,1863,232,120
User_05660,Twitter,560,297,221
User_05661,Twitter,2813,167,209
User_05662,Facebook,1637,244,2
User_05663,Instagram,2332,471,33
User_05664,Instagram,2975,422,80
User_05665,Twitter,2219,34,13
User_05666,YouTube,5432,1073,679
User_05667,Instagram,347,17,79
User_05668,Twitter,2815,93,374
User_05669,Facebook,578,163,49
User_05670,YouTube,7687,409,127
User_05671,Twitter,128,311,155
User_05672,Facebook,1051,398,237
User_05673,Facebook,3300,275,208
User_05674,Instagram,4099,89,19
User_05675,Facebook,1036,106,98
User_05676,YouTube,5851,325,535
User_05677,Twitter,740,371,14
User_05678,Facebook,4010,406,65
User_05679,YouTube,2194,774,635
User_05680,YouTube,3593,490,156
User_05681,Facebook,1275,332,179
User_05682,Twitter,949,360,316
User_05683,Facebook,4317,313,157
User_05684,Facebook,51,152,95
User_05685,Twitter,2851,357,425
User_05686,Facebook,2940,120,35
User_05687,Facebook,3507,223,24
User_05688,YouTube,669,971,411
User_05689,Instagram,451,287,237
User_05690,Instagram,4239,100,201
User_05691,Twitter,3247,63,392
User_05692,Facebook,1677,200,11
User_05693,Instagram,165,256,65
User_05694,Facebook,3287,56,92
User_05695,Facebook,1538,366,24
User_05696,Twitter,2748,324,223
User_05697,YouTube,8851,538,417
User_05698,Twitter,840,168,227
User_05699,YouTube,2246,307,219
User_05700,Facebook,1291,77,245
User_05701,Facebook,4204,13,164
User_05702,Instagram,2442,134,80
User_05703,YouTube,9278,1169,162
User_05704,Facebook,1503,380,247
User_05705,YouTube,6735,127,391
User_05706,Facebook,2805,113,97
User_05707,Instagram,3241,129,247
User_05708,Facebook,586,442,167
User_05709,Instagram,4404,33,141
User_05710,Twitter,2820,253,142
User_05711,Instagram,1985,8,250
User_05712,YouTube,3853,1154,317
User_05713,Instagram,4651,170,78
User_05714,Instagram,637,117,199
User_05715,Facebook,3327,343,16
User_05716,YouTube,6642,479,589
User_05717,Twitter,2710,189,198
User_05718,Instagram,2620,379,143
User_05719,Twitter,204,187,164
User_05720,YouTube,9417,158,183
User_05721,Instagram,3067,49,221
User_05722,YouTube,1279,168,584
User_05723,YouTube,5505,887,283
User_05724,Instagram,4715,482,48
User_05725,Twitter,2446,110,303
User_05726,YouTube,7486,1130,513
User_05727,YouTube,3128,133,493
User_05728,Instagram,1173,14,131
User_05729,Facebook,3600,86,172
User_05730,Instagram,632,323,256
User_05731,Instagram,1163,378,47
User_05732,Facebook,2558,42,242
User_05733,Facebook,2035,389,185
User_05734,Twitter,2560,208,237
User_05735,Twitter,1682,20,290
User_05736,Twitter,903,39,85
User_05737,Twitter,2029,249,119
User_05738,Instagram,4981,399,96
User_05739,Facebook,3626,338,101
User_05740,Instagram,3821,496,175
User_05741,Twitter,2677,280,216
User_05742,YouTube,3986,435,651
User_05743,YouTube,3426,246,622
User_05744,Instagram,3181,173,160
User_05745,Facebook,292,267,174
User_05746,YouTube,3076,487,132
User_05747,Facebook,414,86,32
User_05748,Instagram,2933,436,14
User_05749,YouTube,8067,784,283
User_05750,YouTube,9324,944,295
User_05751,Twitter,48,366,26
User_05752,Instagram,1199,220,289
User_05753,Twitter,1640,158,159
User_05754,Twitter,2053,207,153
User_05755,Twitter,2449,232,473
User_05756,YouTube,1558,869,211
User_05757,Twitter,1443,220,354
User_05758,Instagram,2154,444,171
User_05759,Instagram,238,213,127
User_05760,YouTube,5256,461,486
User_05761,Facebook,348,306,191
User_05762,Twitter,1135,291,219
User_05763,Facebook,3844,230,22
User_05764,Instagram,4682,337,185
User_05765,Facebook,3154,119,84
User_05766,Facebook,445,360,96
User_05767,Twitter,2965,6,92
User_05768,YouTube,5830,235,170
User_05769,Facebook,3830,216,174
User_05770,Facebook,3534,158,62
User_05771,Instagram,2622,319,150
User_05772,YouTube,6546,724,293
User_05773,Twitter,2712,224,127
User_05774,YouTube,5513,546,304
User_05775,Facebook,2558,368,67
User_05776,Instagram,2551,318,64
User_05777,Twitter,2352,310,302
User_05778,Facebook,2026,431,182
User_05779,YouTube,4618,1194,466
User_05780,YouTube,3809,1187,281
User_05781,Twitter,1100,10,270
User_05782,Facebook,1236,119,14
User_05783,YouTube,8300,870,136
User_05784,Twitter,2983,113,295
User_05785,YouTube,1734,520,166
User_05786,Instagram,115,462,294
User_05787,Twitter,548,33,354
User_05788,Facebook,983,445,124
User_05789,Instagram,3973,172,156
User_05790,YouTube,3257,597,650
User_05791,Twitter,1537,174,242
User_05792,Facebook,1069,24,64
User_05793,Instagram,401,159,144
User_05794,Twitter,3494,157,196
User_05795,Instagram,1265,375,116
User_05796,Instagram,274,77,184
User_05797,Instagram,1167,403,60
User_05798,Facebook,3820,175,221
User_05799,Twitter,1479,272,362
User_05800,Twitter,799,171,299
User_05801,YouTube,7822,14,573
User_05802,Twitter,3322,42,473
User_05803,Facebook,603,138,182
User_05804,YouTube,9152,621,198
User_05805,YouTube,5461,822,402
User_05806,Facebook,733,42,59
User_05807,YouTube,887,429,308
User_05808,Facebook,1600,429,106
User_05809,Facebook,1151,22,221
User_05810,Facebook,1636,163,119
User_05811,YouTube,3100,552,421
User_05812,Facebook,922,14,79
User_05813,Facebook,3732,370,150
User_05814,Twitter,2086,381,355
User_05815,Twitter,3220,278,426
User_05816,Instagram,317,287,162
User_05817,Facebook,2338,200,194
User_05818,Instagram,1303,458,47
User_05819,Twitter,1814,148,33
User_05820,Twitter,1099,98,20
User_05821,YouTube,3505,662,64
User_05822,Facebook,1910,279,205
User_05823,YouTube,868,344,170
User_05824,YouTube,7016,810,351
User_05825,Facebook,3713,389,88
User_05826,Facebook,1669,107,36
User_05827,Facebook,1955,9,36
User_05828,Instagram,1151,174,207
User_05829,Instagram,1815,109,7
User_05830,Facebook,219,117,52
User_05831,YouTube,6789,969,456
User_05832,Instagram,1056,348,221
User_05833,Twitter,1515,7,225
User_05834,Twitter,601,399,245
User_05835,YouTube,5264,520,63
User_05836,Facebook,2317,333,96
User_05837,Facebook,499,45,243
User_05838,Facebook,1930,381,150
User_05839,YouTube,8089,359,245
User_05840,Instagram,1825,143,69
User_05841,Instagram,1090,281,153
User_05842,Twitter,298,299,415
User_05843,Instagram,794,237,85
User_05844,Facebook,1124,154,15
User_05845,YouTube,1058,909,428
User_05846,YouTube,9053,957,109
User_05847,Twitter,2650,327,354
User_05848,Twitter,1335,135,212
User_05849,Instagram,4971,484,95
User_05850,YouTube,919,801,373
User_05851,Facebook,4437,230,41
User_05852,Twitter,2596,77,174
User_05853,Instagram,1523,84,164
User_05854,Instagram,4841,405,177
User_05855,Twitter,1634,390,274
User_05856,YouTube,4273,1048,155
User_05857,Facebook,4016,132,162
User_05858,Facebook,3737,298,198
User_05859,Instagram,1576,56,68
User_05860,Instagram,754,29,63
User_05861,Twitter,2123,23,121
User_05862,YouTube,9157,861,633
User_05863,Instagram,655,237,27
User_05864,Twitter,1213,357,19
User_05865,Facebook,1277,185,28
User_05866,YouTube,5915,374,617
User_05867,YouTube,1892,1021,109
User_05868,Facebook,1477,77,233
User_05869,Twitter,1608,385,131
User_05870,Facebook,1844,290,118
User_05871,Facebook,1379,15,94
User_05872,YouTube,2551,305,120
User_05873,Twitter,741,194,348
User_05874,YouTube,4370,793,201
User_05875,Facebook,52,359,140
User_05876,Facebook,1697,153,77
User_05877,YouTube,7355,47,317
User_05878,Twitter,2103,308,298
User_05879,YouTube,292,564,480
User_05880,Instagram,1411,10,193
User_05881,Twitter,3157,261,351
User_05882,YouTube,1269,651,199
User_05883,Twitter,2055,133,320
User_05884,Facebook,3294,223,164
User_05885,Facebook,1350,311,191
User_05886,YouTube,6884,487,279
User_05887,Facebook,3745,259,123
User_05888,YouTube,2893,337,372
User_05889,Facebook,183,219,22
User_05890,Twitter,1450,279,43
User_05891,Facebook,1136,19,169
User_05892,YouTube,9483,332,159
User_05893,YouTube,2017,156,335
User_05894,Twitter,914,23,78
User_05895,YouTube,5274,833,243
User_05896,Twitter,1020,239,343
User_05897,Facebook,3387,93,213
User_05898,YouTube,3047,97,446
User_05899,Twitter,331,173,340
User_05900,YouTube,8527,65,666
User_05901,YouTube,1690,408,214
User_05902,Instagram,1877,340,277
User_05903,Instagram,407,144,295
User_05904,Facebook,1326,37,211
User_05905,Instagram,1498,440,79
User_05906,Instagram,1466,405,41
User_05907,YouTube,4950,1057,683
User_05908,Instagram,3101,280,80
User_05909,Twitter,2245,215,275
User_05910,Twitter,1664,154,458
User_05911,Instagram,901,395,300
User_05912,Instagram,4398,172,136
User_05913,Instagram,3240,163,158
User_05914,Facebook,47,26,205
User_05915,Twitter,747,293,476
User_05916,Twitter,1831,328,269
User_05917,Twitter,1021,162,267
User_05918,YouTube,6452,832,293
User_05919,Twitter,3087,161,397
User_05920,Instagram,4930,227,68
User_05921,Facebook,2466,342,48
User_05922,Instagram,1204,371,225
User_05923,Facebook,1506,43,51
User_05924,Facebook,180,161,178
User_05925,Instagram,422,150,85
User_05926,YouTube,8814,454,120
User_05927,YouTube,8056,1056,586
User_05928,Instagram,787,246,230
User_05929,Facebook,3368,306,158
User_05930,YouTube,9526,1088,103
User_05931,Facebook,4248,362,52
User_05932,Instagram,4551,15,31
User_05933,Facebook,3578,221,106
User_05934,Instagram,1427,366,3
User_05935,Instagram,94,183,102
User_05936,Facebook,4457,177,51
User_05937,Twitter,792,51,2
User_05938,YouTube,860,678,188
User_05939,YouTube,4102,1094,245
User_05940,Instagram,2960,288,84
User_05941,Twitter,3470,317,88
User_05942,Instagram,538,235,205
User_05943,Twitter,691,236,388
User_05944,Twitter,1019,118,91
User_05945,Facebook,4149,317,230
User_05946,Twitter,2777,106,110
User_05947,Twitter,1689,384,43
User_05948,YouTube,1968,1120,417
User_05949,Facebook,3297,237,28
User_05950,Facebook,3595,287,80
User_05951,Instagram,56,43,99
User_05952,Facebook,4183,410,42
User_05953,Facebook,1888,372,157
User_05954,Facebook,852,349,140
User_05955,Facebook,2901,100,120
User_05956,Instagram,4378,249,168
User_05957,Instagram,3376,492,248
User_05958,Twitter,1599,50,334
User_05959,Instagram,3511,391,191
User_05960,Facebook,91,330,232
User_05961,Instagram,2232,131,40
User_05962,Facebook,3866,315,115
User_05963,Twitter,498,237,471
User_05964,Instagram,2936,308,216
User_05965,Facebook,4472,359,78
User_05966,YouTube,8250,374,696
User_05967,Instagram,1284,364,202
User_05968,Twitter,1529,358,489
User_05969,Twitter,2206,198,392
User_05970,Facebook,2939,299,214
User_05971,Instagram,1183,170,231
User_05972,Facebook,2563,320,131
User_05973,Facebook,2853,171,59
User_05974,YouTube,7229,28,460
User_05975,YouTube,2336,1196,627
User_05976,Instagram,3695,142,245
User_05977,Facebook,3415,221,153
User_05978,YouTube,1131,906,592
User_05979,Twitter,2004,13,288
User_05980,Instagram,4582,405,236
User_05981,YouTube,8259,532,577
User_05982,YouTube,9454,592,420
User_05983,YouTube,1333,1052,203
User_05984,YouTube,1943,851,478
User_05985,Facebook,2407,434,119
User_05986,YouTube,3479,826,600
User_05987,Instagram,3169,154,275
User_05988,Instagram,2222,153,163
User_05989,Instagram,1415,344,265
User_05990,Twitter,60,169,495
User_05991,Facebook,1008,432,229
User_05992,Instagram,1393,209,73
User_05993,Twitter,180,205,205
User_05994,YouTube,9158,135,23
User_05995,Facebook,2256,278,215
User_05996,YouTube,5974,1075,111
User_05997,Facebook,44,289,226
User_05998,Facebook,377,173,125
User_05999,YouTube,8961,1138,247
User_06000,Twitter,1092,382,55
User_06001,YouTube,6915,494,19
User_06002,Facebook,3702,408,96
User_06003,Instagram,437,5,110
User_06004,Instagram,2875,373,201
User_06005,Twitter,437,305,455
User_06006,YouTube,3430,45,371
User_06007,Twitter,1219,51,286
User_06008,YouTube,9362,402,453
User_06009,YouTube,7177,929,588
User_06010,Instagram,4167,394,247
User_06011,Instagram,1019,276,243
User_06012,Facebook,3435,334,207
User_06013,Instagram,305,62,106
User_06014,Twitter,1545,354,63
User_06015,Instagram,1941,143,153
User_06016,YouTube,4229,279,620
User_06017,Instagram,3272,252,142
User_06018,YouTube,7013,1154,415
User_06019,YouTube,2800,626,44
User_06020,Twitter,600,400,65
User_06021,Instagram,2700,471,178
User_06022,Twitter,1976,72,162
User_06023,Twitter,3166,93,95
User_06024,Facebook,1063,316,4
User_06025,YouTube,3965,451,655
User_06026,YouTube,7302,70,269
User_06027,Twitter,1278,247,462
User_06028,Twitter,1263,279,148
User_06029,YouTube,6200,466,620
User_06030,Twitter,1356,89,50
User_06031,Facebook,4417,120,82
User_06032,Instagram,4056,430,43
User_06033,Facebook,2394,175,188
User_06034,YouTube,3674,218,175
User_06035,Instagram,77,384,129
User_06036,Twitter,543,339,95
User_06037,Instagram,606,480,243
User_06038,Facebook,1212,329,250
User_06039,Twitter,2046,82,218
User_06040,YouTube,8882,1127,257
User_06041,YouTube,9204,667,696
User_06042,YouTube,9179,675,180
User_06043,Facebook,2540,92,176
User_06044,YouTube,2392,650,108
User_06045,Twitter,493,259,168
User_06046,Twitter,1528,316,44
User_06047,Twitter,292,30,173
User_06048,Instagram,4384,441,26
User_06049,YouTube,5154,199,269
User_06050,Twitter,1880,159,138
User_06051,Twitter,963,393,188
User_06052,Facebook,2961,400,38
User_06053,YouTube,7282,1093,307
User_06054,Instagram,3828,65,184
User_06055,YouTube,9456,950,209
User_06056,YouTube,4841,426,42
User_06057,YouTube,3890,1010,527
User_06058,Instagram,1870,104,65
User_06059,Facebook,3491,47,225
User_06060,Instagram,1696,127,268
User_06061,Facebook,3538,24,133
User_06062,Twitter,2092,275,456
User_06063,Facebook,599,185,205
User_06064,Facebook,3971,283,123
User_06065,Facebook,118,151,213
User_06066,Twitter,773,163,351
User_06067,Instagram,2617,97,64
User_06068,Twitter,2852,158,210
User_06069,YouTube,3584,680,236
User_06070,Twitter,3346,264,26
User_06071,Instagram,4243,294,56
User_06072,YouTube,7060,989,197
User_06073,YouTube,4674,791,513
User_06074,Instagram,3975,231,195
User_06075,Facebook,3296,306,240
User_06076,Instagram,2592,119,109
User_06077,Twitter,579,302,310
User_06078,YouTube,6261,890,273
User_06079,YouTube,962,1187,604
User_06080,Instagram,352,62,26
User_06081,YouTube,7959,476,596
User_06082,Instagram,4402,468,121
User_06083,YouTube,2782,204,92
User_06084,Twitter,2737,269,149
User_06085,YouTube,2888,613,404
User_06086,YouTube,8531,1068,309
User_06087,Twitter,2407,191,225
User_06088,Facebook,3078,426,200
User_06089,Twitter,1365,327,364
User_06090,YouTube,8618,268,535
User_06091,Instagram,4902,31,93
User_06092,Facebook,625,230,192
User_06093,Twitter,3014,277,312
User_06094,Instagram,1177,158,272
User_06095,Facebook,3741,46,120
User_06096,Instagram,2738,389,299
User_06097,YouTube,4403,683,106
User_06098,YouTube,3476,881,513
User_06099,Facebook,4325,205,135
User_06100,Instagram,729,98,113
User_06101,Instagram,1769,275,259
User_06102,YouTube,7217,1108,121
User_06103,Instagram,4785,130,253
User_06104,Instagram,2303,488,174
User_06105,Instagram,235,382,295
User_06106,Facebook,903,232,121
User_06107,Instagram,3084,166,77
User_06108,Twitter,1752,301,107
User_06109,Facebook,3101,50,162
User_06110,YouTube,8367,1112,26
User_06111,Twitter,3087,8,394
User_06112,YouTube,3297,269,694
User_06113,Twitter,101,384,382
User_06114,Instagram,1048,299,125
User_06115,Instagram,135,132,274
User_06116,Facebook,3925,162,36
User_06117,YouTube,5827,258,254
User_06118,Twitter,193,295,31
User_06119,YouTube,8865,216,519
User_06120,Instagram,399,150,169
User_06121,Instagram,1161,158,110
User_06122,Twitter,866,207,36
User_06123,YouTube,8798,1026,215
User_06124,Twitter,3122,207,72
User_06125,Twitter,343,113,354
User_06126,YouTube,8450,831,586
User_06127,Facebook,1752,185,63
User_06128,Instagram,108,325,172
User_06129,YouTube,7148,195,380
User_06130,YouTube,7478,514,93
User_06131,YouTube,6421,779,250
User_06132,Twitter,2346,97,183
User_06133,YouTube,1995,217,393
User_06134,YouTube,4132,814,700
User_06135,Instagram,1147,434,262
User_06136,Facebook,3902,253,48
User_06137,Twitter,135,83,279
User_06138,Twitter,3156,334,194
User_06139,Twitter,39,177,469
User_06140,Facebook,2456,95,135
User_06141,Instagram,3144,418,132
User_06142,YouTube,1225,854,83
User_06143,Instagram,908,324,238
User_06144,YouTube,3454,695,553
User_06145,YouTube,6810,553,48
User_06146,YouTube,2138,86,198
User_06147,Instagram,1158,256,111
User_06148,Instagram,2213,78,251
User_06149,Twitter,874,218,69
User_06150,Instagram,2206,329,134
User_06151,YouTube,7526,247,546
User_06152,Facebook,2636,411,56
User_06153,Instagram,4763,215,296
User_06154,Instagram,3477,258,207
User_06155,YouTube,158,1176,182
User_06156,Facebook,4182,279,197
User_06157,YouTube,8441,940,281
User_06158,YouTube,5844,239,247
User_06159,YouTube,8908,939,144
User_06160,Twitter,524,234,137
User_06161,Facebook,214,333,249
User_06162,Twitter,3321,285,492
User_06163,Instagram,915,392,198
User_06164,YouTube,675,425,317
User_06165,Facebook,4167,394,135
User_06166,Instagram,4205,257,107
User_06167,Twitter,1835,335,383
User_06168,YouTube,8488,465,244
User_06169,Facebook,3355,150,196
User_06170,Twitter,1861,9,425
User_06171,YouTube,1644,486,13
User_06172,Instagram,973,487,180
User_06173,Facebook,4239,427,165
User_06174,Twitter,114,97,280
User_06175,Facebook,3283,73,91
User_06176,YouTube,2833,90,273
User_06177,Instagram,1445,446,121
User_06178,Instagram,335,375,184
User_06179,Twitter,1911,70,4
User_06180,YouTube,4679,145,25
User_06181,Instagram,4102,358,141
User_06182,Instagram,4678,115,83
User_06183,YouTube,6182,501,569
User_06184,Instagram,537,323,249
User_06185,YouTube,1718,305,152
User_06186,YouTube,9012,963,33
User_06187,Twitter,638,383,200
User_06188,YouTube,9509,843,214
User_06189,Facebook,1493,196,22
User_06190,Twitter,3468,154,407
User_06191,Facebook,1559,153,5
User_06192,YouTube,3605,363,434
User_06193,Instagram,933,278,28
User_06194,Instagram,1626,161,197
User_06195,Twitter,426,354,196
User_06196,Facebook,451,248,5
User_06197,Facebook,3311,234,179
User_06198,Facebook,499,82,201
User_06199,Instagram,310,309,173
User_06200,Facebook,3242,415,108
User_06201,Facebook,614,297,94
User_06202,Facebook,3392,283,151
User_06203,Instagram,131,178,240
User_06204,Twitter,2497,162,16
User_06205,Instagram,834,258,126
User_06206,Facebook,2772,413,146
User_06207,Instagram,262,413,238
User_06208,Facebook,3820,50,50
User_06209,Instagram,3748,92,84
User_06210,Instagram,944,109,278
User_06211,Twitter,2339,23,381
User_06212,Twitter,329,337,200
User_06213,Twitter,603,97,62
User_06214,Instagram,2129,166,145
User_06215,Twitter,3265,59,254
User_06216,Instagram,4715,90,282
User_06217,Instagram,3932,432,5
User_06218,Twitter,1071,158,126
User_06219,Twitter,240,76,423
User_06220,Facebook,2510,155,221
User_06221,Facebook,1544,189,38
User_06222,Instagram,3304,12,75
User_06223,YouTube,3066,449,606
User_06224,YouTube,1448,300,685
User_06225,Instagram,4828,144,158
User_06226,Twitter,3287,244,453
User_06227,Facebook,3118,320,7
User_06228,Facebook,1536,220,166
User_06229,YouTube,5274,203,235
User_06230,Facebook,3892,214,22
User_06231,Twitter,2488,155,369
User_06232,Instagram,1147,143,178
User_06233,YouTube,9673,1116,364
User_06234,Instagram,3181,23,69
User_06235,Instagram,920,299,58
User_06236,YouTube,8898,1200,98
User_06237,Facebook,3561,281,227
User_06238,Twitter,3122,361,147
User_06239,Twitter,1065,247,285
User_06240,Twitter,3260,265,346
User_06241,Twitter,539,111,238
User_06242,Twitter,260,6,257
User_06243,YouTube,5211,944,270
User_06244,Instagram,4237,388,120
User_06245,Twitter,3382,338,286
User_06246,Instagram,4674,61,294
User_06247,Instagram,4069,154,292
User_06248,Facebook,742,228,78
User_06249,Instagram,462,211,294
User_06250,Facebook,3259,316,248
User_06251,Facebook,1656,407,85
User_06252,Facebook,2322,281,70
User_06253,Twitter,1127,231,484
User_06254,Instagram,4180,85,62
User_06255,Facebook,4363,215,83
User_06256,YouTube,7172,393,156
User_06257,Instagram,1427,38,87
User_06258,Facebook,4067,356,242
User_06259,Facebook,159,188,233
User_06260,YouTube,124,436,228
User_06261,Instagram,549,15,11
User_06262,Twitter,1038,151,381
User_06263,Twitter,1877,124,304
User_06264,Instagram,89,6,266
User_06265,Instagram,1043,134,62
User_06266,Twitter,3289,3,12
User_06267,Instagram,3199,295,79
User_06268,Facebook,1177,355,128
User_06269,Facebook,3781,384,214
User_06270,Twitter,3051,368,317
User_06271,Instagram,3230,9,279
User_06272,YouTube,5018,1122,89
User_06273,Twitter,1986,134,199
User_06274,Facebook,372,30,7
User_06275,YouTube,3690,520,449
User_06276,Instagram,842,375,127
User_06277,Twitter,357,51,268
User_06278,Instagram,2657,52,286
User_06279,YouTube,4345,685,518
User_06280,Facebook,2571,81,6
User_06281,Facebook,2168,417,219
User_06282,Instagram,610,190,106
User_06283,YouTube,4018,578,427
User_06284,Twitter,142,230,165
User_06285,Twitter,2374,312,306
User_06286,YouTube,4742,569,419
User_06287,Twitter,1828,77,367
User_06288,Instagram,832,34,283
User_06289,Facebook,2227,334,186
User_06290,Instagram,1190,366,278
User_06291,Instagram,4203,82,72
User_06292,Facebook,4245,233,154
User_06293,YouTube,118,315,405
User_06294,Facebook,315,276,90
User_06295,Instagram,4120,139,168
User_06296,Facebook,3870,121,204
User_06297,YouTube,3256,852,324
User_06298,Facebook,1860,181,118
User_06299,Instagram,118,155,46
User_06300,Facebook,815,400,145
User_06301,Facebook,2759,59,142
User_06302,Instagram,3479,485,37
User_06303,Facebook,2721,182,146
User_06304,Instagram,2399,345,205
User_06305,Instagram,309,36,239
User_06306,Facebook,1834,33,69
User_06307,Twitter,1692,14,28
User_06308,Instagram,1096,292,126
User_06309,Facebook,3794,49,9
User_06310,Instagram,1489,107,67
User_06311,Twitter,301,181,46
User_06312,Facebook,280,340,233
User_06313,YouTube,8822,776,16
User_06314,Twitter,3032,221,223
User_06315,YouTube,3776,539,324
User_06316,Twitter,2991,25,497
User_06317,YouTube,3011,305,455
User_06318,Twitter,916,326,154
User_06319,Twitter,3400,14,55
User_06320,Instagram,2777,126,5
User_06321,YouTube,8279,429,321
User_06322,Twitter,3482,78,133
User_06323,Facebook,2904,290,248
User_06324,Twitter,360,253,210
User_06325,Facebook,1376,167,195
User_06326,Instagram,1083,427,236
User_06327,Facebook,3269,236,2
User_06328,Twitter,3490,216,361
User_06329,Twitter,1458,359,401
User_06330,Twitter,645,68,142
User_06331,Instagram,3670,457,211
User_06332,Twitter,2111,140,405
User_06333,YouTube,7854,966,87
User_06334,Facebook,532,332,55
User_06335,YouTube,346,84,427
User_06336,Instagram,4230,160,258
User_06337,Twitter,1254,76,65
User_06338,Facebook,2605,447,71
User_06339,Facebook,2559,32,80
User_06340,Twitter,3046,387,194
User_06341,Facebook,944,82,24
User_06342,YouTube,7191,527,624
User_06343,YouTube,2780,740,267
User_06344,Facebook,180,209,170
User_06345,YouTube,4737,190,131
User_06346,Instagram,4089,401,102
User_06347,Instagram,4401,80,239
User_06348,Facebook,60,443,173
User_06349,Twitter,976,159,116
User_06350,YouTube,9713,598,517
User_06351,Facebook,570,275,134
User_06352,YouTube,9712,869,554
User_06353,Instagram,3369,212,134
User_06354,Instagram,2895,438,52
User_06355,Instagram,408,98,48
User_06356,Facebook,3079,164,52
User_06357,YouTube,1447,391,258
User_06358,Instagram,1020,367,207
User_06359,Instagram,2597,317,272
User_06360,Twitter,37,124,255
User_06361,Facebook,863,370,188
User_06362,Twitter,236,31,104
User_06363,Facebook,551,362,53
User_06364,Instagram,4921,233,283
User_06365,Instagram,706,50,143
User_06366,Instagram,158,112,154
User_06367,Twitter,3351,61,124
User_06368,Instagram,4116,387,52
User_06369,Twitter,3140,335,285
User_06370,Twitter,206,385,54
User_06371,Twitter,657,391,482
User_06372,YouTube,934,1049,269
User_06373,Instagram,4816,336,147
User_06374,Twitter,3384,270,169
User_06375,YouTube,254,256,83
User_06376,Facebook,3624,179,59
User_06377,YouTube,8785,349,127
User_06378,Instagram,3921,477,87
User_06379,Twitter,2160,383,2
User_06380,Twitter,583,241,307
User_06381,Instagram,1907,244,59
User_06382,Twitter,453,220,15
User_06383,Instagram,3900,432,81
User_06384,Facebook,1701,351,154
User_06385,Twitter,1049,248,252
User_06386,Instagram,4436,106,250
User_06387,YouTube,3814,92,463
User_06388,Twitter,2312,56,461
User_06389,Instagram,1541,413,148
User_06390,Instagram,4547,192,182
User_06391,Twitter,2070,18,8
User_06392,Facebook,2144,347,224
User_06393,YouTube,3281,286,223
User_06394,Twitter,782,85,497
User_06395,Instagram,3250,304,21
User_06396,Twitter,2487,344,391
User_06397,Twitter,2278,182,434
User_06398,Twitter,1083,205,342
User_06399,Twitter,101,201,411
User_06400,Twitter,2814,351,183
User_06401,Instagram,3629,322,62
User_06402,Facebook,3027,361,193
User_06403,Facebook,772,169,16
User_06404,Instagram,3380,463,154
User_06405,Facebook,3221,42,3
User_06406,Twitter,59,113,102
User_06407,YouTube,860,1080,269
User_06408,Facebook,2350,439,56
User_06409,Instagram,4458,448,115
User_06410,Facebook,2403,282,220
User_06411,YouTube,8347,145,230
User_06412,Instagram,133,159,56
User_06413,Twitter,2480,40,417
User_06414,Instagram,2641,444,119
User_06415,Instagram,1257,56,190
User_06416,Instagram,3138,248,188
User_06417,Twitter,2880,150,207
User_06418,Facebook,1933,346,224
User_06419,YouTube,3912,644,568
User_06420,Instagram,815,6,168
User_06421,Instagram,1020,455,143
User_06422,Twitter,1742,134,394
User_06423,Facebook,4058,263,211
User_06424,Twitter,520,165,242
User_06425,Facebook,2800,169,192
User_06426,Instagram,1170,284,41
User_06427,Twitter,2038,170,414
User_06428,Instagram,1147,124,192
User_06429,Twitter,2095,52,175
User_06430,YouTube,4353,326,390
User_06431,Instagram,4953,241,84
User_06432,Facebook,3180,14,41
User_06433,YouTube,4895,901,383
User_06434,YouTube,7027,957,484
User_06435,Facebook,340,188,18
User_06436,Twitter,436,15,236
User_06437,Facebook,540,428,130
User_06438,Twitter,521,187,197
User_06439,YouTube,7975,1098,661
User_06440,Facebook,3981,345,187
User_06441,Instagram,1823,55,251
User_06442,YouTube,5128,477,547
User_06443,Instagram,1571,459,228
User_06444,YouTube,1294,627,520
User_06445,YouTube,7620,380,397
User_06446,Instagram,1377,293,90
User_06447,YouTube,4352,817,545
User_06448,Twitter,624,232,96
User_06449,YouTube,848,928,431
User_06450,Twitter,1046,71,6
User_06451,Twitter,2693,195,350
User_06452,Facebook,1218,249,244
User_06453,Instagram,1741,487,175
User_06454,Facebook,3324,248,108
User_06455,Facebook,2973,314,34
User_06456,Facebook,4373,225,186
User_06457,Twitter,2507,28,209
User_06458,Instagram,2206,269,269
User_06459,Twitter,2442,349,120
User_06460,Facebook,511,360,87
User_06461,YouTube,3955,541,11
User_06462,YouTube,516,1084,623
User_06463,Facebook,3925,107,149
User_06464,Twitter,3060,44,490
User_06465,YouTube,9867,930,444
User_06466,YouTube,244,653,201
User_06467,YouTube,6841,932,64
User_06468,Twitter,2068,306,452
User_06469,Twitter,2067,365,174
User_06470,YouTube,4272,335,451
User_06471,Instagram,4856,365,16
User_06472,Facebook,4356,137,39
User_06473,Facebook,3946,112,222
User_06474,Twitter,3090,68,234
User_06475,Facebook,1516,35,182
User_06476,Facebook,1477,334,39
User_06477,Twitter,443,56,390
User_06478,Instagram,3857,430,191
User_06479,Twitter,1764,312,62
User_06480,Twitter,456,218,85
User_06481,Instagram,2462,85,280
User_06482,YouTube,1968,601,279
User_06483,Twitter,2383,285,120
User_06484,Instagram,3120,94,55
User_06485,Twitter,2389,6,107
User_06486,Facebook,1573,20,232
User_06487,Facebook,3425,296,205
User_06488,Instagram,833,460,138
User_06489,Facebook,3296,142,128
User_06490,Instagram,546,221,281
User_06491,Instagram,635,235,239
User_06492,Instagram,1819,417,43
User_06493,Twitter,814,230,455
User_06494,Instagram,2855,355,7
User_06495,Instagram,2435,303,103
User_06496,Facebook,1553,216,215
User_06497,Twitter,771,131,470
User_06498,YouTube,6272,1192,234
User_06499,Instagram,3659,86,290
User_06500,YouTube,7367,897,252
User_06501,Instagram,4473,118,290
User_06502,Instagram,3307,392,168
User_06503,YouTube,1097,330,363
User_06504,YouTube,1881,458,624
User_06505,Facebook,1082,241,181
User_06506,Facebook,4080,97,140
User_06507,Instagram,1361,463,295
User_06508,Instagram,3225,118,180
User_06509,Instagram,2495,400,290
User_06510,Twitter,263,66,426
User_06511,Twitter,2963,216,232
User_06512,Twitter,2665,171,422
User_06513,Facebook,3756,446,44
User_06514,YouTube,5931,430,607
User_06515,Twitter,1104,321,384
User_06516,YouTube,483,937,5
User_06517,Twitter,1254,3,215
User_06518,Twitter,1508,387,212
User_06519,Instagram,1439,27,281
User_06520,Instagram,896,294,89
User_06521,Instagram,1409,100,41
User_06522,YouTube,5003,497,639
User_06523,Instagram,2339,137,279
User_06524,Instagram,4840,120,90
User_06525,Facebook,2894,103,65
User_06526,Facebook,1459,8,247
User_06527,Facebook,2044,188,19
User_06528,Instagram,1311,419,193
User_06529,YouTube,5736,131,121
User_06530,Facebook,2805,150,86
User_06531,Instagram,1901,442,209
User_06532,YouTube,3510,406,256
User_06533,Facebook,1368,155,219
User_06534,Facebook,3268,88,153
User_06535,Twitter,561,5,416
User_06536,Instagram,2891,293,277
User_06537,Facebook,1043,69,214
User_06538,YouTube,4527,195,170
User_06539,Instagram,3689,404,172
User_06540,Twitter,1302,315,308
User_06541,Facebook,502,65,38
User_06542,Facebook,4106,210,52
User_06543,Instagram,3991,240,160
User_06544,YouTube,4652,337,72
User_06545,Instagram,3195,98,139
User_06546,Instagram,4689,109,231
User_06547,YouTube,1702,281,190
User_06548,Twitter,1848,40,360
User_06549,Facebook,858,251,97
User_06550,Facebook,3323,70,243
User_06551,Twitter,1142,244,164
User_06552,Facebook,4207,327,236
User_06553,Twitter,1051,198,53
User_06554,Facebook,248,322,110
User_06555,Instagram,3724,419,119
User_06556,Instagram,86,297,83
User_06557,YouTube,5267,291,281
User_06558,Instagram,1615,90,56
User_06559,Instagram,2948,358,119
User_06560,YouTube,5910,30,330
User_06561,Instagram,2269,112,73
User_06562,Instagram,4816,332,55
User_06563,YouTube,3995,111,534
User_06564,Twitter,2007,304,237
User_06565,Facebook,2177,243,156
User_06566,Facebook,3106,359,191
User_06567,YouTube,2251,324,100
User_06568,Facebook,2123,326,206
User_06569,YouTube,8942,234,609
User_06570,Facebook,100,159,199
User_06571,Twitter,2037,23,221
User_06572,Twitter,2617,197,425
User_06573,Facebook,1751,125,195
User_06574,Facebook,3562,186,26
User_06575,YouTube,1036,349,353
User_06576,Twitter,2954,279,341
User_06577,YouTube,7199,573,63
User_06578,YouTube,8348,745,544
User_06579,Facebook,4475,92,200
User_06580,YouTube,7263,988,143
User_06581,Twitter,3249,90,10
User_06582,YouTube,6619,997,133
User_06583,Facebook,3008,161,238
User_06584,Facebook,2652,382,97
User_06585,Instagram,4847,205,88
User_06586,Facebook,1454,98,224
User_06587,YouTube,241,227,551
User_06588,Facebook,2929,378,205
User_06589,Twitter,708,389,453
User_06590,YouTube,7427,362,570
User_06591,Twitter,792,303,390
User_06592,YouTube,3053,36,97
User_06593,Facebook,1371,130,238
User_06594,YouTube,1528,598,588
User_06595,Facebook,133,408,5
User_06596,Twitter,1635,89,426
User_06597,Twitter,182,70,210
User_06598,Twitter,21,136,471
User_06599,YouTube,962,1199,374
User_06600,Twitter,815,96,35
User_06601,Twitter,3444,147,332
User_06602,Instagram,203,372,120
User_06603,Instagram,458,382,45
User_06604,Facebook,2052,194,197
User_06605,Facebook,4453,322,47
User_06606,Facebook,1353,157,216
User_06607,Twitter,403,46,487
User_06608,Facebook,3171,441,3
User_06609,Instagram,3489,499,12
User_06610,Facebook,3819,253,170
User_06611,Instagram,2674,209,145
User_06612,Twitter,474,352,384
User_06613,Twitter,3423,30,243
User_06614,Twitter,551,202,145
User_06615,Facebook,4346,370,242
User_06616,YouTube,269,40,591
User_06617,YouTube,3839,958,182
User_06618,Facebook,2263,221,25
User_06619,Twitter,3403,219,338
User_06620,Facebook,1866,349,30
User_06621,Facebook,1663,407,107
User_06622,Instagram,151,334,134
User_06623,YouTube,1626,901,311
User_06624,Facebook,1678,371,27
User_06625,Twitter,1449,143,461
User_06626,YouTube,2005,412,475
User_06627,Facebook,3840,245,170
User_06628,Twitter,2163,187,245
User_06629,Twitter,3100,18,217
User_06630,Facebook,2096,314,76
User_06631,Facebook,408,424,73
User_06632,Twitter,3333,37,243
User_06633,YouTube,5673,214,528
User_06634,Twitter,100,46,428
User_06635,Twitter,2558,317,290
User_06636,Facebook,1452,158,180
User_06637,Facebook,377,91,75
User_06638,Facebook,3687,162,70
User_06639,YouTube,1374,1026,177
User_06640,Facebook,2240,181,111
User_06641,YouTube,3317,1036,403
User_06642,YouTube,7450,1177,16
User_06643,Facebook,2980,155,199
User_06644,YouTube,3792,785,145
User_06645,Twitter,2311,292,22
User_06646,YouTube,7761,364,207
User_06647,Twitter,3026,363,137
User_06648,Instagram,149,495,3
User_06649,YouTube,3821,1035,350
User_06650,YouTube,7992,558,183
User_06651,Instagram,3251,376,144
User_06652,Facebook,2671,404,153
User_06653,Instagram,316,302,114
User_06654,Twitter,2205,41,135
User_06655,Twitter,224,158,251
User_06656,Twitter,3038,50,151
User_06657,Facebook,3772,263,246
User_06658,YouTube,4618,444,473
User_06659,Instagram,3295,377,194
User_06660,Instagram,4491,390,233
User_06661,YouTube,6909,535,429
User_06662,Twitter,558,349,449
User_06663,Twitter,3112,121,207
User_06664,Instagram,3062,342,154
User_06665,Instagram,4305,195,266
User_06666,Instagram,539,81,233
User_06667,Twitter,2869,87,296
User_06668,Instagram,140,402,266
User_06669,YouTube,5580,93,470
User_06670,Twitter,103,150,500
User_06671,Facebook,3016,215,194
User_06672,Twitter,156,174,461
User_06673,Instagram,1916,366,128
User_06674,Twitter,1113,219,304
User_06675,Facebook,1770,18,103
User_06676,Twitter,2660,227,341
User_06677,Facebook,222,423,105
User_06678,Twitter,2890,63,281
User_06679,Facebook,1539,381,48
User_06680,Twitter,1700,245,467
User_06681,YouTube,1431,43,529
User_06682,Twitter,2101,333,260
User_06683,Twitter,1367,113,258
User_06684,YouTube,9894,105,401
User_06685,Twitter,3097,107,294
User_06686,Twitter,857,157,349
User_06687,Facebook,4259,360,160
User_06688,Twitter,1657,14,380
User_06689,YouTube,5386,54,691
User_06690,YouTube,9455,292,147
User_06691,Instagram,3780,35,136
User_06692,Twitter,3153,360,392
User_06693,Instagram,4515,447,207
User_06694,Twitter,141,210,201
User_06695,Facebook,1570,434,17
User_06696,Instagram,3344,395,85
User_06697,Instagram,3937,103,299
User_06698,Facebook,4209,434,159
User_06699,Instagram,4691,422,276
User_06700,Facebook,4058,66,145
User_06701,Facebook,3469,364,84
User_06702,Facebook,1951,242,25
User_06703,Twitter,3040,5,274
User_06704,Twitter,3388,159,313
User_06705,YouTube,2911,839,606
User_06706,YouTube,2684,71,216
User_06707,Facebook,753,350,199
User_06708,Facebook,2717,159,177
User_06709,Instagram,975,149,185
User_06710,Twitter,1861,15,195
User_06711,Facebook,560,320,89
User_06712,Twitter,797,3,189
User_06713,YouTube,8791,342,283
User_06714,Facebook,4239,385,200
User_06715,YouTube,4119,121,155
User_06716,Instagram,3866,376,277
User_06717,Instagram,3443,246,259
User_06718,Instagram,3215,329,194
User_06719,YouTube,3733,243,356
User_06720,Instagram,893,199,131
User_06721,Facebook,4226,52,86
User_06722,Instagram,1686,486,231
User_06723,Instagram,987,248,29
User_06724,Facebook,3417,327,78
User_06725,Instagram,3705,455,26
User_06726,Facebook,294,267,163
User_06727,Instagram,4290,332,35
User_06728,Twitter,672,207,77
User_06729,Facebook,3436,286,46
User_06730,YouTube,5001,1088,339
User_06731,Instagram,207,239,77
User_06732,YouTube,9356,386,661
User_06733,Twitter,2605,143,46
User_06734,Instagram,3482,281,3
User_06735,Twitter,2446,352,58
User_06736,Twitter,471,89,410
User_06737,Twitter,1683,202,68
User_06738,Instagram,4616,21,273
User_06739,Facebook,177,127,161
User_06740,Instagram,3787,34,91
User_06741,Twitter,817,346,462
User_06742,YouTube,4697,561,228
User_06743,YouTube,9846,791,650
User_06744,Facebook,2113,176,135
User_06745,Twitter,44,43,92
User_06746,Instagram,2468,419,75
User_06747,YouTube,2759,775,225
User_06748,Twitter,2463,11,300
User_06749,Instagram,1329,494,116
User_06750,Twitter,1511,129,5
User_06751,Facebook,2221,296,117
User_06752,Twitter,3390,362,31
User_06753,Facebook,3126,337,196
User_06754,Twitter,23,69,471
User_06755,YouTube,4069,778,330
User_06756,Facebook,2565,26,92
User_06757,YouTube,3742,880,266
User_06758,Instagram,4414,422,227
User_06759,YouTube,4661,43,253
User_06760,Twitter,3407,361,140
User_06761,Facebook,1013,185,225
User_06762,Twitter,2061,129,266
User_06763,YouTube,4629,829,425
User_06764,Facebook,1658,70,61
User_06765,Twitter,177,197,207
User_06766,Twitter,2495,399,320
User_06767,Twitter,1182,301,38
User_06768,Facebook,3094,302,81
User_06769,Twitter,2750,91,70
User_06770,Instagram,2151,100,270
User_06771,Twitter,775,86,493
User_06772,Twitter,2328,319,66
User_06773,Instagram,3194,218,205
User_06774,Instagram,3766,490,293
User_06775,Twitter,744,98,457
User_06776,YouTube,6276,326,607
User_06777,Facebook,1804,169,194
User_06778,Twitter,1657,286,264
User_06779,Twitter,2928,255,231
User_06780,Facebook,3088,404,113
User_06781,Instagram,2516,67,128
User_06782,YouTube,8704,363,55
User_06783,YouTube,4147,205,340
User_06784,Facebook,4364,386,50
User_06785,Instagram,1317,69,208
User_06786,Instagram,290,7,36
User_06787,YouTube,4974,111,673
User_06788,Twitter,1653,77,431
User_06789,Instagram,2548,384,118
User_06790,Instagram,2378,379,290
User_06791,Instagram,1833,158,62
User_06792,Instagram,1722,269,296
User_06793,Twitter,1336,79,462
User_06794,Twitter,562,18,303
User_06795,Twitter,2659,169,427
User_06796,Twitter,1237,83,381
User_06797,Facebook,2471,10,86
User_06798,Facebook,495,270,48
User_06799,Facebook,2799,430,61
User_06800,Instagram,4721,482,250
User_06801,Twitter,1773,313,483
User_06802,Instagram,2188,291,207
User_06803,Facebook,318,337,221
User_06804,YouTube,6691,1103,139
User_06805,Instagram,747,247,188
User_06806,Facebook,62,234,159
User_06807,Twitter,1695,53,480
User_06808,Twitter,2362,172,246
User_06809,Facebook,2418,439,218
User_06810,Instagram,2586,131,159
User_06811,Twitter,1075,63,364
User_06812,Facebook,2644,120,248
User_06813,Instagram,1640,251,163
User_06814,Twitter,417,8,27
User_06815,Twitter,2027,255,101
User_06816,Facebook,640,259,250
User_06817,YouTube,1117,472,434
User_06818,Instagram,4765,395,93
User_06819,Instagram,1251,360,172
User_06820,Instagram,4889,106,266
User_06821,Twitter,812,109,236
User_06822,Instagram,1605,157,96
User_06823,YouTube,5187,573,464
User_06824,YouTube,9110,10,282
User_06825,Twitter,1786,15,228
User_06826,Twitter,547,398,116
User_06827,YouTube,1176,20,486
User_06828,Twitter,1336,41,399
User_06829,Instagram,3910,327,19
User_06830,YouTube,1571,999,249
User_06831,Facebook,4449,308,90
User_06832,Instagram,2245,185,198
User_06833,Facebook,2135,23,156
User_06834,Instagram,4623,411,183
User_06835,Instagram,2870,182,280
User_06836,Instagram,831,169,233
User_06837,YouTube,4544,813,690
User_06838,YouTube,4177,249,412
User_06839,Instagram,4079,425,244
User_06840,Instagram,464,150,7
User_06841,Facebook,143,372,81
User_06842,YouTube,5207,250,557
User_06843,YouTube,401,519,623
User_06844,Facebook,1499,46,207
User_06845,Instagram,1762,306,197
User_06846,Twitter,3169,84,393
User_06847,Instagram,2004,268,192
User_06848,Twitter,2823,144,322
User_06849,Instagram,3693,278,278
User_06850,Instagram,1291,205,166
User_06851,Facebook,2808,51,250
User_06852,Twitter,1177,356,224
User_06853,Facebook,1708,374,62
User_06854,YouTube,6940,280,209
User_06855,Instagram,1605,314,241
User_06856,YouTube,4419,52,520
User_06857,Instagram,3588,254,23
User_06858,Twitter,194,307,87
User_06859,Instagram,1012,311,49
User_06860,YouTube,3743,171,99
User_06861,Facebook,1229,420,101
User_06862,Twitter,430,51,172
User_06863,YouTube,9169,703,579
User_06864,Instagram,2859,88,206
User_06865,Facebook,1567,341,32
User_06866,Instagram,4916,340,208
User_06867,Instagram,2468,237,83
User_06868,Facebook,188,165,59
User_06869,Twitter,2797,5,244
User_06870,Twitter,1136,188,365
User_06871,YouTube,4954,993,63
User_06872,Facebook,1651,45,115
User_06873,Instagram,2419,204,39
User_06874,YouTube,4095,1190,283
User_06875,Twitter,3266,250,412
User_06876,Twitter,1691,69,447
User_06877,Twitter,756,129,168
User_06878,Twitter,31,188,119
User_06879,Instagram,1179,388,198
User_06880,Instagram,4429,159,10
User_06881,Facebook,3103,253,210
User_06882,Twitter,44,112,465
User_06883,Twitter,2137,207,25
User_06884,YouTube,949,815,247
User_06885,Instagram,3295,207,124
User_06886,Twitter,3416,6,190
User_06887,Instagram,1108,379,273
User_06888,Instagram,3563,141,6
User_06889,Instagram,139,445,112
User_06890,Instagram,4902,65,86
User_06891,Instagram,1993,332,16
User_06892,Facebook,3028,74,7
User_06893,YouTube,5653,333,209
User_06894,Twitter,3120,191,292
User_06895,Twitter,2871,307,188
User_06896,Facebook,958,299,168
User_06897,Facebook,3254,26,14
User_06898,Twitter,196,70,442
User_06899,Twitter,1448,254,479
User_06900,YouTube,5370,537,284
User_06901,Facebook,399,168,75
User_06902,YouTube,4774,684,235
User_06903,Instagram,1068,290,10
User_06904,Instagram,4539,309,201
User_06905,YouTube,5840,1094,221
User_06906,YouTube,4736,686,412
User_06907,Twitter,662,87,306
User_06908,YouTube,2547,262,510
User_06909,Twitter,234,163,359
User_06910,Twitter,1576,8,121
User_06911,Twitter,440,217,431
User_06912,Facebook,2576,282,110
User_06913,Instagram,3717,10,153
User_06914,Twitter,2642,80,388
User_06915,Twitter,1683,10,68
User_06916,Facebook,2934,414,18
User_06917,YouTube,8357,757,32
User_06918,Instagram,3117,493,103
User_06919,Instagram,605,230,119
User_06920,Instagram,3516,259,50
User_06921,YouTube,7034,120,360
User_06922,Twitter,2363,33,192
User_06923,Facebook,1508,135,79
User_06924,Instagram,1763,130,169
User_06925,YouTube,7347,1171,276
User_06926,Instagram,3125,500,137
User_06927,YouTube,3602,208,332
User_06928,Twitter,2410,29,164
User_06929,Twitter,524,295,478
User_06930,Instagram,4348,331,296
User_06931,Twitter,1800,382,480
User_06932,YouTube,6729,1199,224
User_06933,Twitter,1372,200,454
User_06934,Instagram,4586,125,101
User_06935,YouTube,8208,550,647
User_06936,Twitter,1641,282,489
User_06937,Instagram,3115,356,241
User_06938,Instagram,1571,129,246
User_06939,Twitter,3302,376,46
User_06940,YouTube,4103,22,662
User_06941,Instagram,4667,100,85
User_06942,Instagram,4993,189,223
User_06943,Twitter,1010,113,98
User_06944,Facebook,3964,113,203
User_06945,Facebook,1763,294,222
User_06946,Twitter,1204,134,21
User_06947,Facebook,1132,169,63
User_06948,Facebook,3274,416,231
User_06949,Twitter,1560,318,441
User_06950,Facebook,2155,89,114
User_06951,Twitter,989,320,478
User_06952,Facebook,1873,374,138
User_06953,YouTube,2405,105,144
User_06954,Facebook,1533,16,149
User_06955,Instagram,2109,357,2
User_06956,Instagram,3517,320,98
User_06957,Facebook,1475,269,73
User_06958,YouTube,2365,445,309
User_06959,Twitter,2722,38,310
User_06960,Facebook,114,414,174
User_06961,Twitter,1377,166,442
User_06962,Instagram,2739,436,139
User_06963,YouTube,2178,806,63
User_06964,Twitter,1345,225,292
User_06965,Instagram,1702,287,115
User_06966,Instagram,291,6,203
User_06967,YouTube,4128,447,694
User_06968,Facebook,1549,401,196
User_06969,Twitter,2581,373,399
User_06970,Facebook,1090,257,117
User_06971,Twitter,1932,113,105
User_06972,Instagram,3442,458,261
User_06973,Instagram,3313,210,154
User_06974,Twitter,135,228,2
User_06975,Facebook,3001,31,62
User_06976,Twitter,3286,19,172
User_06977,YouTube,2876,1041,316
User_06978,Facebook,2396,48,188
User_06979,Instagram,3924,410,154
User_06980,Instagram,1133,464,255
User_06981,YouTube,403,899,489
User_06982,YouTube,8395,352,443
User_06983,Twitter,1741,72,191
User_06984,Instagram,3570,430,83
User_06985,Instagram,377,130,209
User_06986,Facebook,4204,344,93
User_06987,Twitter,3278,136,485
User_06988,Twitter,3005,38,145
User_06989,Twitter,1114,163,305
User_06990,Twitter,2664,302,107
User_06991,Instagram,4332,478,113
User_06992,Twitter,3086,296,430
User_06993,YouTube,9900,168,268
User_06994,Twitter,160,303,379
User_06995,YouTube,5237,39,293
User_06996,Facebook,1210,426,108
User_06997,Twitter,1234,112,66
User_06998,Facebook,1862,307,67
User_06999,Twitter,435,68,52
User_07000,Facebook,4411,417,168
User_07001,Instagram,904,173,149
User_07002,YouTube,3835,525,21
User_07003,Instagram,649,98,232
User_07004,Twitter,3056,359,471
User_07005,Facebook,1166,103,211
User_07006,YouTube,8254,624,181
User_07007,Facebook,2833,208,185
User_07008,Twitter,3077,260,357
User_07009,Twitter,283,264,397
User_07010,Facebook,1094,109,117
User_07011,Twitter,256,170,337
User_07012,YouTube,1204,804,539
User_07013,Instagram,3199,362,41
User_07014,Facebook,2132,299,166
User_07015,YouTube,6666,636,483
User_07016,YouTube,6512,60,700
User_07017,YouTube,8542,887,459
User_07018,YouTube,9395,802,202
User_07019,Facebook,70,443,160
User_07020,Twitter,651,105,203
User_07021,Instagram,465,434,280
User_07022,Instagram,4751,455,74
User_07023,Twitter,362,198,206
User_07024,Facebook,100,55,109
User_07025,YouTube,5938,662,465
User_07026,Twitter,1157,171,256
User_07027,Twitter,1340,169,385
User_07028,YouTube,8186,731,107
User_07029,Facebook,2127,245,112
User_07030,YouTube,193,24,58
User_07031,Twitter,2165,230,173
User_07032,Twitter,3331,273,439
User_07033,Facebook,2425,354,16
User_07034,YouTube,1268,859,396
User_07035,YouTube,4283,675,114
User_07036,Facebook,1474,136,222
User_07037,YouTube,4360,150,529
User_07038,Twitter,1232,4,74
User_07039,Facebook,1691,275,106
User_07040,Twitter,89,264,398
User_07041,Facebook,2647,425,122
User_07042,Instagram,570,236,12
User_07043,Facebook,3384,104,13
User_07044,YouTube,4487,325,222
User_07045,Twitter,268,90,24
User_07046,YouTube,894,1117,631
User_07047,Facebook,289,316,200
User_07048,YouTube,1233,445,280
User_07049,Instagram,4833,399,223
User_07050,Instagram,3946,310,250
User_07051,Twitter,572,141,173
User_07052,Facebook,2241,61,55
User_07053,YouTube,6477,563,544
User_07054,Instagram,2497,167,23
User_07055,Twitter,858,183,386
User_07056,Twitter,3099,355,252
User_07057,YouTube,8446,39,591
User_07058,YouTube,8263,466,591
User_07059,YouTube,408,699,603
User_07060,Instagram,1199,341,223
User_07061,Instagram,1431,372,130
User_07062,YouTube,2510,100,243
User_07063,Instagram,2948,471,273
User_07064,Facebook,2760,271,73
User_07065,Instagram,3889,102,161
User_07066,Facebook,374,121,26
User_07067,Twitter,2743,237,242
User_07068,YouTube,8825,904,476
User_07069,YouTube,6085,242,677
User_07070,YouTube,1192,1061,440
User_07071,YouTube,8663,335,211
User_07072,Instagram,4153,272,68
User_07073,YouTube,8619,821,531
User_07074,YouTube,1837,1178,435
User_07075,Facebook,2044,336,198
User_07076,Facebook,1418,224,9
User_07077,YouTube,9088,781,642
User_07078,YouTube,2815,950,435
User_07079,Twitter,1218,266,108
User_07080,Instagram,3682,103,3
User_07081,Twitter,1670,95,432
User_07082,Facebook,748,195,25
User_07083,Instagram,3889,281,258
User_07084,Facebook,2455,403,39
User_07085,Twitter,3392,187,421
User_07086,YouTube,9326,649,429
User_07087,Instagram,3493,480,80
User_07088,Facebook,1133,240,187
User_07089,Facebook,1842,339,123
User_07090,Instagram,3738,324,259
User_07091,Instagram,1291,457,89
User_07092,Facebook,3902,352,213
User_07093,Instagram,344,367,221
User_07094,YouTube,4568,1120,647
User_07095,Twitter,247,345,455
User_07096,YouTube,7735,924,599
User_07097,YouTube,4351,154,647
User_07098,Twitter,1743,256,161
User_07099,YouTube,3418,1084,84
User_07100,Instagram,3756,388,109
User_07101,Twitter,2126,35,181
User_07102,Instagram,2674,257,31
User_07103,YouTube,6155,1054,628
User_07104,Twitter,706,209,424
User_07105,Facebook,4181,139,142
User_07106,Twitter,1703,107,269
User_07107,Instagram,1324,496,10
User_07108,Twitter,1652,42,78
User_07109,Facebook,3309,353,29
User_07110,Facebook,978,328,203
User_07111,Instagram,2783,382,47
User_07112,Instagram,1317,480,292
User_07113,Twitter,3490,337,402
User_07114,Instagram,4234,397,70
User_07115,Instagram,4051,8,207
User_07116,Twitter,2949,391,436
User_07117,Instagram,1020,29,234
User_07118,Facebook,1837,251,201
User_07119,Facebook,1219,203,143
User_07120,Facebook,1874,145,233
User_07121,Twitter,2728,157,312
User_07122,Twitter,209,126,366
User_07123,YouTube,824,871,507
User_07124,YouTube,7640,1056,633
User_07125,Twitter,2144,375,443
User_07126,Facebook,1604,178,92
User_07127,Twitter,74,251,227
User_07128,Facebook,871,397,45
User_07129,Facebook,860,170,86
User_07130,YouTube,799,661,455
User_07131,Instagram,2978,70,49
User_07132,Twitter,2550,310,346
User_07133,Facebook,4271,145,183
User_07134,YouTube,4415,101,323
User_07135,YouTube,8441,1110,219
User_07136,Instagram,675,164,34
User_07137,YouTube,8019,115,672
User_07138,Instagram,1298,484,118
User_07139,YouTube,906,416,415
User_07140,Twitter,486,168,322
User_07141,Twitter,3375,399,274
User_07142,Instagram,356,303,226
User_07143,Twitter,2550,230,276
User_07144,Instagram,1214,123,156
User_07145,YouTube,5951,883,529
User_07146,YouTube,4415,853,489
User_07147,YouTube,505,484,438
User_07148,Twitter,1241,13,34
User_07149,Twitter,912,70,314
User_07150,YouTube,7960,457,515
User_07151,Facebook,1015,186,151
User_07152,Twitter,1519,233,362
User_07153,Facebook,1246,344,114
User_07154,Facebook,895,265,102
User_07155,Facebook,349,74,146
User_07156,Instagram,2765,291,190
User_07157,YouTube,2781,474,237
User_07158,Facebook,2498,51,98
User_07159,YouTube,1230,1136,360
User_07160,YouTube,8907,516,602
User_07161,Twitter,3284,201,13
User_07162,Twitter,869,155,150
User_07163,Twitter,3487,243,364
User_07164,YouTube,6469,371,130
User_07165,YouTube,9476,740,562
User_07166,YouTube,1448,1007,279
User_07167,Instagram,3529,37,228
User_07168,Instagram,2808,11,84
User_07169,Facebook,670,267,172
User_07170,Instagram,3363,294,284
User_07171,Instagram,2398,461,52
User_07172,Facebook,2496,433,72
User_07173,Twitter,1603,359,456
User_07174,Instagram,4889,135,289
User_07175,Facebook,4028,420,117
User_07176,YouTube,523,273,610
User_07177,Facebook,4431,212,75
User_07178,Facebook,1688,399,241
User_07179,Instagram,1291,222,180
User_07180,Instagram,4761,376,198
User_07181,Facebook,994,290,230
User_07182,Facebook,3444,198,117
User_07183,Twitter,524,309,383
User_07184,Twitter,1721,213,223
User_07185,Instagram,62,76,162
User_07186,Twitter,1005,144,90
User_07187,Instagram,1151,411,67
User_07188,Facebook,1843,142,159
User_07189,Instagram,642,465,108
User_07190,Twitter,1754,285,114
User_07191,Twitter,2019,185,317
User_07192,Instagram,818,247,233
User_07193,Instagram,2732,81,157
User_07194,YouTube,6712,256,285
User_07195,YouTube,540,346,221
User_07196,Facebook,2910,37,119
User_07197,YouTube,6579,748,449
User_07198,YouTube,2395,781,58
User_07199,Instagram,4552,201,128
User_07200,Twitter,3098,67,195
User_07201,Facebook,584,295,151
User_07202,YouTube,6348,695,369
User_07203,Facebook,1536,253,177
User_07204,Twitter,1558,136,416
User_07205,Instagram,2496,316,25
User_07206,Instagram,1822,479,282
User_07207,YouTube,140,376,347
User_07208,YouTube,1141,436,282
User_07209,YouTube,4291,1135,413
User_07210,Twitter,596,94,274
User_07211,Facebook,46,158,122
User_07212,Facebook,1952,38,66
User_07213,YouTube,4621,784,90
User_07214,YouTube,8000,608,599
User_07215,Facebook,1259,188,25
User_07216,Instagram,2185,361,236
User_07217,Twitter,2435,164,110
User_07218,Instagram,1147,452,6
User_07219,YouTube,328,669,297
User_07220,Facebook,3651,258,168
User_07221,Twitter,1760,50,264
User_07222,Facebook,464,362,137
User_07223,YouTube,8325,115,66
User_07224,Instagram,4440,250,126
User_07225,Instagram,2606,110,300
User_07226,Instagram,2708,52,35
User_07227,YouTube,3849,897,497
User_07228,Twitter,719,325,54
User_07229,Instagram,4030,413,282
User_07230,Instagram,4545,238,51
User_07231,Instagram,3370,328,270
User_07232,YouTube,7034,626,136
User_07233,YouTube,7540,118,421
User_07234,Instagram,1219,447,221
User_07235,Facebook,2042,419,186
User_07236,Instagram,3099,487,136
User_07237,Facebook,1647,11,105
User_07238,Instagram,482,99,101
User_07239,Instagram,1565,495,259
User_07240,Twitter,1393,333,354
User_07241,YouTube,409,678,146
User_07242,Facebook,2401,384,26
User_07243,Instagram,2419,408,80
User_07244,Instagram,3357,214,247
User_07245,Instagram,894,166,40
User_07246,YouTube,5338,1169,150
User_07247,Instagram,831,445,207
User_07248,Twitter,1043,107,435
User_07249,Facebook,1094,74,220
User_07250,Facebook,2316,24,10
User_07251,YouTube,3902,277,193
User_07252,Facebook,426,195,98
User_07253,Facebook,265,53,247
User_07254,Instagram,668,63,108
User_07255,YouTube,8852,638,219
User_07256,Facebook,867,103,60
User_07257,Facebook,3018,97,134
User_07258,Twitter,498,111,82
User_07259,Facebook,2122,176,215
User_07260,Twitter,2802,147,171
User_07261,Facebook,1814,160,49
User_07262,Twitter,1242,397,412
User_07263,YouTube,7353,886,10
User_07264,Facebook,2200,303,133
User_07265,Twitter,1778,100,138
User_07266,Facebook,486,378,209
User_07267,YouTube,4155,905,469
User_07268,Twitter,2580,126,142
User_07269,YouTube,3005,976,242
User_07270,YouTube,6731,198,347
User_07271,Facebook,3182,211,96
User_07272,YouTube,9319,145,278
User_07273,Twitter,3149,201,492
User_07274,Facebook,3068,408,65
User_07275,Instagram,3462,218,155
User_07276,Instagram,2233,247,191
User_07277,Facebook,2081,212,219
User_07278,YouTube,2709,600,457
User_07279,YouTube,6552,899,330
User_07280,Facebook,2809,111,145
User_07281,Twitter,541,392,325
User_07282,YouTube,4193,325,301
User_07283,Facebook,3220,257,238
User_07284,Facebook,2479,57,88
User_07285,Twitter,355,82,329
User_07286,Twitter,2661,359,479
User_07287,Twitter,824,383,321
User_07288,Facebook,2694,143,56
User_07289,YouTube,6830,1133,341
User_07290,Twitter,1029,344,296
User_07291,Instagram,3432,406,53
User_07292,Twitter,3013,277,76
User_07293,YouTube,9365,973,609
User_07294,Facebook,672,217,26
User_07295,YouTube,3779,1034,90
User_07296,Instagram,3274,464,265
User_07297,Facebook,3823,50,9
User_07298,Facebook,229,259,208
User_07299,Facebook,3922,71,99
User_07300,Instagram,3912,358,87
User_07301,Instagram,831,145,276
User_07302,Twitter,3356,248,491
User_07303,Instagram,4604,463,73
User_07304,Twitter,3017,142,294
User_07305,Facebook,1005,72,33
User_07306,YouTube,6624,412,611
User_07307,YouTube,7342,822,193
User_07308,YouTube,4654,305,597
User_07309,Facebook,3223,436,181
User_07310,YouTube,5743,840,215
User_07311,Facebook,931,240,37
User_07312,YouTube,285,450,409
User_07313,YouTube,8384,173,688
User_07314,Instagram,1537,333,213
User_07315,Twitter,2963,151,291
User_07316,Twitter,382,319,210
User_07317,Twitter,2773,15,211
User_07318,Facebook,1829,173,58
User_07319,Instagram,319,58,201
User_07320,Instagram,1441,184,294
User_07321,Instagram,980,210,128
User_07322,YouTube,9686,79,88
User_07323,Facebook,1894,123,71
User_07324,YouTube,3629,985,686
User_07325,Twitter,3432,248,337
User_07326,Facebook,2281,278,205
User_07327,Instagram,2355,28,290
User_07328,YouTube,1551,137,77
User_07329,Twitter,2041,309,111
User_07330,Instagram,655,133,280
User_07331,Instagram,899,210,7
User_07332,YouTube,9575,180,30
User_07333,Instagram,2602,340,84
User_07334,Instagram,1283,276,289
User_07335,Twitter,1728,62,207
User_07336,Instagram,642,453,22
User_07337,Facebook,2431,78,33
User_07338,Facebook,2152,261,231
User_07339,YouTube,5053,1143,272
User_07340,Facebook,530,112,83
User_07341,Facebook,651,222,17
User_07342,Twitter,2336,345,50
User_07343,Twitter,3449,304,52
User_07344,Facebook,4492,200,17
User_07345,Instagram,2703,408,248
User_07346,Instagram,757,409,255
User_07347,Instagram,1715,453,71
User_07348,Instagram,4825,354,160
User_07349,Instagram,1158,160,239
User_07350,Instagram,1373,482,268
User_07351,Instagram,2420,52,63
User_07352,Facebook,4411,240,219
User_07353,YouTube,5295,289,501
User_07354,Instagram,1795,228,245
User_07355,YouTube,8142,789,306
User_07356,Twitter,788,311,37
User_07357,Facebook,692,24,237
User_07358,Twitter,1255,316,497
User_07359,Instagram,3154,67,297
User_07360,YouTube,2874,520,661
User_07361,Facebook,1014,183,74
User_07362,Instagram,673,368,123
User_07363,Instagram,2798,116,171
User_07364,Instagram,3416,310,223
User_07365,Facebook,3222,39,106
User_07366,YouTube,5742,700,176
User_07367,YouTube,2975,1027,324
User_07368,Instagram,66,76,188
User_07369,YouTube,8071,143,482
User_07370,YouTube,8629,1086,372
User_07371,Twitter,1619,311,145
User_07372,Facebook,518,20,96
User_07373,Instagram,4890,326,176
User_07374,Twitter,1869,180,481
User_07375,Twitter,872,189,187
User_07376,YouTube,2486,387,464
User_07377,Instagram,3782,84,201
User_07378,Twitter,565,391,335
User_07379,YouTube,6737,761,31
User_07380,YouTube,6371,26,492
User_07381,Instagram,400,47,152
User_07382,YouTube,1922,465,10
User_07383,Twitter,2105,333,490
User_07384,Twitter,757,135,21
User_07385,Twitter,3206,54,449
User_07386,Instagram,78,500,212
User_07387,Twitter,2237,308,31
User_07388,YouTube,1743,1005,143
User_07389,Facebook,103,246,106
User_07390,Facebook,1614,261,186
User_07391,Instagram,1047,184,84
User_07392,Facebook,1918,78,143
User_07393,Facebook,1522,94,144
User_07394,Facebook,2365,11,139
User_07395,YouTube,7817,679,164
User_07396,Facebook,2972,315,153
User_07397,YouTube,623,12,284
User_07398,Instagram,369,376,285
User_07399,YouTube,7511,247,238
User_07400,YouTube,1767,246,257
User_07401,YouTube,586,653,203
User_07402,YouTube,7358,308,173
User_07403,Facebook,102,410,239
User_07404,Twitter,1204,62,328
User_07405,YouTube,8117,1149,46
User_07406,Twitter,2167,125,15
User_07407,Facebook,4467,13,219
User_07408,Instagram,244,463,155
User_07409,Instagram,2406,470,170
User_07410,Facebook,2508,44,158
User_07411,YouTube,2168,1055,102
User_07412,YouTube,4817,971,574
User_07413,Twitter,3296,234,148
User_07414,Facebook,338,94,23
User_07415,Facebook,224,202,58
User_07416,YouTube,8254,1155,662
User_07417,Instagram,1912,242,287
User_07418,Instagram,1245,54,115
User_07419,Twitter,1046,124,421
User_07420,Twitter,2462,296,8
User_07421,YouTube,5538,1141,335
User_07422,YouTube,8177,772,611
User_07423,YouTube,441,1125,289
User_07424,Facebook,45,432,109
User_07425,Twitter,2340,328,26
User_07426,YouTube,5986,323,537
User_07427,Twitter,80,195,35
User_07428,Instagram,3232,174,217
User_07429,Twitter,1005,121,232
User_07430,YouTube,6182,919,49
User_07431,Instagram,3319,167,75
User_07432,Twitter,1717,49,475
User_07433,Facebook,3466,344,145
User_07434,Instagram,2498,305,284
User_07435,Instagram,1196,188,114
User_07436,Instagram,4244,148,101
User_07437,Twitter,2980,206,316
User_07438,Facebook,3298,156,70
User_07439,YouTube,7633,1031,189
User_07440,YouTube,249,1098,293
User_07441,Facebook,2009,385,38
User_07442,YouTube,2952,445,313
User_07443,Instagram,311,145,42
User_07444,Twitter,2925,66,158
User_07445,Instagram,2761,180,128
User_07446,Twitter,2479,57,168
User_07447,YouTube,5266,949,293
User_07448,Instagram,3197,94,257
User_07449,Twitter,81,85,143
User_07450,Facebook,3062,236,17
User_07451,Facebook,1784,118,170
User_07452,Facebook,2808,350,155
User_07453,YouTube,5979,381,232
User_07454,Instagram,2689,332,277
User_07455,Facebook,4343,203,59
User_07456,Instagram,2339,15,73
User_07457,Twitter,1626,96,464
User_07458,Instagram,3675,85,52
User_07459,Twitter,1230,82,308
User_07460,Facebook,1113,18,79
User_07461,Instagram,3386,242,279
User_07462,Facebook,1016,188,177
User_07463,Facebook,1482,212,99
User_07464,Facebook,3929,444,215
User_07465,Instagram,3295,118,66
User_07466,YouTube,640,451,129
User_07467,Facebook,1325,261,13
User_07468,YouTube,8810,743,12
User_07469,Facebook,1278,28,109
User_07470,Instagram,4842,29,56
User_07471,Facebook,2034,113,97
User_07472,Facebook,4049,314,126
User_07473,Instagram,4995,36,3
User_07474,Instagram,227,99,299
User_07475,YouTube,7149,213,390
User_07476,Facebook,1549,435,89
User_07477,Twitter,2950,369,347
User_07478,YouTube,8164,141,531
User_07479,YouTube,5898,643,7
User_07480,Twitter,2393,320,416
User_07481,Facebook,1898,5,75
User_07482,YouTube,3658,289,244
User_07483,Instagram,3204,338,241
User_07484,Twitter,3222,275,394
User_07485,Instagram,2383,174,194
User_07486,YouTube,7326,599,255
User_07487,Twitter,72,380,61
User_07488,YouTube,5879,411,698
User_07489,Instagram,707,348,233
User_07490,Twitter,1772,217,365
User_07491,Twitter,1412,31,177
User_07492,Facebook,3897,336,231
User_07493,Twitter,294,66,14
User_07494,Facebook,748,425,181
User_07495,YouTube,7911,1131,61
User_07496,Twitter,2732,39,409
User_07497,Instagram,1326,72,127
User_07498,Instagram,982,205,246
User_07499,Twitter,118,199,323
User_07500,Twitter,2611,220,105
User_07501,YouTube,4131,287,159
User_07502,Facebook,4023,68,140
User_07503,YouTube,9697,328,78
User_07504,Facebook,3141,424,164
User_07505,YouTube,8498,762,429
User_07506,Facebook,4119,47,23
User_07507,YouTube,2594,648,202
User_07508,Instagram,378,19,127
User_07509,Twitter,3420,174,396
User_07510,Facebook,4446,294,234
User_07511,Facebook,2033,364,180
User_07512,Instagram,1747,78,134
User_07513,Twitter,1431,308,338
User_07514,Twitter,1576,315,107
User_07515,Facebook,3961,391,248
User_07516,YouTube,1792,1015,679
User_07517,Facebook,4110,216,89
User_07518,Instagram,2842,463,109
User_07519,Facebook,377,53,27
User_07520,YouTube,596,804,366
User_07521,Facebook,3545,206,76
User_07522,Facebook,3571,232,223
User_07523,Facebook,3061,37,208
User_07524,Facebook,4036,98,73
User_07525,YouTube,5759,461,259
User_07526,Twitter,3437,189,345
User_07527,Twitter,1306,386,198
User_07528,Twitter,1702,135,271
User_07529,Twitter,2114,152,302
User_07530,Twitter,674,86,143
User_07531,YouTube,6122,256,27
User_07532,YouTube,6764,292,327
User_07533,Instagram,3435,301,68
User_07534,Twitter,1359,198,274
User_07535,YouTube,1899,302,693
User_07536,Instagram,3504,397,66
User_07537,Twitter,1731,366,253
User_07538,Facebook,1935,383,83
User_07539,Instagram,3661,304,112
User_07540,YouTube,4512,293,79
User_07541,Facebook,943,159,113
User_07542,YouTube,171,391,155
User_07543,Facebook,2437,257,120
User_07544,Instagram,2400,471,178
User_07545,Twitter,2981,292,238
User_07546,Facebook,3100,64,223
User_07547,YouTube,950,949,29
User_07548,Facebook,1925,337,158
User_07549,Facebook,806,154,117
User_07550,Facebook,2030,103,115
User_07551,Facebook,499,295,180
User_07552,YouTube,5288,141,409
User_07553,Twitter,1659,394,374
User_07554,Twitter,68,204,101
User_07555,Twitter,2601,114,344
User_07556,Facebook,4301,223,53
User_07557,Instagram,974,39,72
User_07558,Facebook,261,425,244
User_07559,Instagram,4293,154,259
User_07560,YouTube,2172,804,264
User_07561,Facebook,1716,390,56
User_07562,Twitter,3497,233,346
User_07563,Twitter,113,262,86
User_07564,Twitter,2062,372,379
User_07565,Instagram,1744,200,6
User_07566,YouTube,4248,595,450
User_07567,Facebook,236,292,96
User_07568,Twitter,1166,292,367
User_07569,Instagram,981,448,98
User_07570,Facebook,2182,323,96
User_07571,Instagram,4669,481,112
User_07572,YouTube,917,11,84
User_07573,Instagram,2768,154,202
User_07574,Instagram,3942,181,273
User_07575,Instagram,4480,454,26
User_07576,Facebook,4331,380,132
User_07577,Instagram,2391,135,36
User_07578,Instagram,2358,36,141
User_07579,Facebook,563,183,105
User_07580,Twitter,2104,176,39
User_07581,Facebook,2744,102,135
User_07582,Instagram,2298,268,113
User_07583,Twitter,1290,236,164
User_07584,YouTube,8385,112,206
User_07585,Instagram,148,57,208
User_07586,YouTube,6349,587,463
User_07587,Instagram,4039,435,232
User_07588,YouTube,691,196,627
User_07589,Instagram,1317,459,238
User_07590,Instagram,3366,464,271
User_07591,Facebook,4002,364,28
User_07592,Twitter,402,56,188
User_07593,Twitter,1757,266,217
User_07594,Instagram,747,296,294
User_07595,Twitter,3405,199,225
User_07596,YouTube,9588,1077,211
User_07597,Facebook,1349,216,18
User_07598,Twitter,190,370,165
User_07599,Instagram,2776,279,108
User_07600,YouTube,3206,533,370
User_07601,Instagram,4867,183,218
User_07602,YouTube,7304,317,563
User_07603,YouTube,4145,756,250
User_07604,Facebook,4211,88,74
User_07605,Facebook,3217,209,170
User_07606,Facebook,812,244,233
User_07607,Twitter,1392,288,23
User_07608,Instagram,2755,281,139
User_07609,Twitter,1772,282,249
User_07610,Facebook,75,422,225
User_07611,Facebook,92,82,203
User_07612,YouTube,3450,332,478
User_07613,Facebook,3963,391,100
User_07614,Twitter,2446,288,416
User_07615,Facebook,2129,167,19
User_07616,YouTube,1103,347,332
User_07617,Facebook,4282,194,243
User_07618,YouTube,7087,228,249
User_07619,Instagram,4509,244,99
User_07620,Instagram,4434,474,290
User_07621,Twitter,532,371,432
User_07622,Instagram,3791,396,116
User_07623,Facebook,4003,411,123
User_07624,Twitter,1887,384,487
User_07625,Instagram,1040,454,258
User_07626,YouTube,2397,663,136
User_07627,Twitter,2692,260,472
User_07628,Twitter,832,2,400
User_07629,Instagram,120,231,44
User_07630,Facebook,639,29,213
User_07631,Facebook,2322,77,51
User_07632,YouTube,4855,1011,226
User_07633,Instagram,2907,383,249
User_07634,Twitter,1943,50,388
User_07635,Twitter,512,349,297
User_07636,Twitter,463,194,187
User_07637,Twitter,1453,397,205
User_07638,Twitter,3172,235,209
User_07639,YouTube,766,783,541
User_07640,Facebook,1635,152,201
User_07641,YouTube,363,45,634
User_07642,YouTube,2595,340,293
User_07643,Facebook,3151,354,184
User_07644,YouTube,3315,949,644
User_07645,Facebook,1533,70,216
User_07646,Instagram,4796,43,134
User_07647,Facebook,148,239,7
User_07648,YouTube,4761,989,692
User_07649,Facebook,3491,30,197
User_07650,Instagram,2790,257,60
User_07651,Instagram,2743,24,51
User_07652,Instagram,617,208,79
User_07653,Twitter,56,17,259
User_07654,Instagram,1152,210,180
User_07655,Facebook,2183,437,121
User_07656,YouTube,9895,943,574
User_07657,Facebook,1847,168,75
User_07658,Facebook,2974,256,230
User_07659,Instagram,4966,100,57
User_07660,YouTube,9446,835,488
User_07661,Instagram,2115,201,126
User_07662,Twitter,2615,200,437
User_07663,YouTube,4033,329,28
User_07664,Facebook,790,258,179
User_07665,Facebook,3379,221,95
User_07666,Facebook,4287,77,81
User_07667,Twitter,2226,172,136
User_07668,Facebook,4120,347,34
User_07669,YouTube,142,90,40
User_07670,Facebook,210,284,102
User_07671,Instagram,757,160,195
User_07672,Instagram,2668,49,14
User_07673,YouTube,4684,436,151
User_07674,Twitter,489,207,489
User_07675,Facebook,507,335,180
User_07676,Facebook,1960,168,232
User_07677,Twitter,3481,337,466
User_07678,Facebook,3164,311,184
User_07679,Facebook,145,50,234
User_07680,Instagram,515,374,21
User_07681,Instagram,4361,425,122
User_07682,Instagram,4580,232,268
User_07683,Instagram,79,419,160
User_07684,Instagram,1471,274,120
User_07685,YouTube,4665,142,348
User_07686,Facebook,454,323,191
User_07687,Facebook,444,139,182
User_07688,Facebook,3673,218,110
User_07689,Instagram,2036,399,215
User_07690,Twitter,717,275,470
User_07691,Instagram,4243,408,44
User_07692,Facebook,1163,350,164
User_07693,Twitter,2149,36,179
User_07694,YouTube,7618,535,473
User_07695,Instagram,2896,471,114
User_07696,Instagram,773,23,180
User_07697,Facebook,2043,9,222
User_07698,Twitter,2056,105,310
User_07699,Twitter,2554,259,149
User_07700,Facebook,815,290,151
User_07701,Instagram,2576,76,218
User_07702,Facebook,3926,213,189
User_07703,YouTube,571,222,420
User_07704,Twitter,1769,247,354
User_07705,Instagram,4220,258,247
User_07706,Twitter,533,338,272
User_07707,Facebook,3391,125,112
User_07708,YouTube,502,189,675
User_07709,Twitter,3198,329,83
User_07710,Twitter,1664,90,304
User_07711,Facebook,1547,222,112
User_07712,Twitter,1838,265,426
User_07713,Instagram,4718,363,101
User_07714,Twitter,2656,205,44
User_07715,Twitter,3366,168,87
User_07716,Facebook,4445,316,2
User_07717,Twitter,1213,299,299
User_07718,Facebook,2644,294,139
User_07719,Instagram,1160,170,176
User_07720,Twitter,1987,240,78
User_07721,Twitter,1341,310,429
User_07722,Twitter,1577,153,13
User_07723,Facebook,3065,384,138
User_07724,Instagram,2647,20,39
User_07725,YouTube,2144,912,116
User_07726,Twitter,1370,249,283
User_07727,Facebook,613,426,37
User_07728,YouTube,6595,728,100
User_07729,Twitter,348,333,59
User_07730,YouTube,8711,887,45
User_07731,Instagram,3007,401,24
User_07732,Instagram,4993,99,136
User_07733,YouTube,9838,380,540
User_07734,Twitter,2318,253,179
User_07735,Twitter,223,322,120
User_07736,Instagram,1207,306,102
User_07737,Instagram,1061,57,78
User_07738,YouTube,316,140,664
User_07739,Twitter,3442,322,19
User_07740,Twitter,1147,89,293
User_07741,Instagram,3339,343,178
User_07742,Facebook,1524,87,60
User_07743,Facebook,3382,314,55
User_07744,Instagram,4644,13,198
User_07745,Facebook,382,11,202
User_07746,Twitter,2637,102,11
User_07747,Facebook,2183,407,46
User_07748,Twitter,2687,365,217
User_07749,Facebook,2166,364,208
User_07750,Twitter,1508,124,241
User_07751,YouTube,507,678,511
User_07752,Instagram,2319,161,202
User_07753,YouTube,6784,1025,266
User_07754,Instagram,3166,282,254
User_07755,Facebook,3004,335,79
User_07756,YouTube,6205,458,265
User_07757,YouTube,1174,584,394
User_07758,Twitter,2268,276,340
User_07759,Twitter,1469,265,102
User_07760,YouTube,8401,416,308
User_07761,Facebook,2933,340,142
User_07762,Twitter,2600,83,438
User_07763,Twitter,3428,255,111
User_07764,Twitter,1624,155,266
User_07765,YouTube,4037,325,35
User_07766,Twitter,1956,188,269
User_07767,Twitter,38,262,462
User_07768,YouTube,4092,335,671
User_07769,Twitter,3179,314,288
User_07770,Facebook,2102,158,64
User_07771,Twitter,2465,355,173
User_07772,Instagram,2966,17,158
User_07773,YouTube,1076,749,37
User_07774,Facebook,4398,142,104
User_07775,Twitter,696,377,422
User_07776,Instagram,468,239,102
User_07777,YouTube,2921,411,585
User_07778,Instagram,3879,233,118
User_07779,Twitter,601,304,162
User_07780,YouTube,5758,19,252
User_07781,Instagram,569,220,72
User_07782,YouTube,9260,729,117
User_07783,YouTube,729,281,656
User_07784,Instagram,2506,180,13
User_07785,Facebook,811,164,55
User_07786,YouTube,3818,142,147
User_07787,Twitter,2463,137,396
User_07788,Facebook,1873,389,127
User_07789,YouTube,3181,171,107
User_07790,Instagram,1215,127,182
User_07791,Instagram,2300,449,87
User_07792,Twitter,1486,96,454
User_07793,Twitter,3366,137,77
User_07794,Twitter,3462,347,195
User_07795,Facebook,2857,61,179
User_07796,Instagram,4339,191,255
User_07797,Facebook,4369,103,143
User_07798,YouTube,5810,609,355
User_07799,Instagram,2176,328,222
User_07800,Instagram,4994,426,43
User_07801,Facebook,2695,53,22
User_07802,Twitter,2746,157,177
User_07803,YouTube,5222,460,469
User_07804,Instagram,3473,74,244
User_07805,Facebook,4494,437,29
User_07806,Twitter,1886,104,127
User_07807,Twitter,1044,199,49
User_07808,Facebook,751,346,83
User_07809,Twitter,1554,218,369
User_07810,Facebook,3524,136,228
User_07811,Instagram,1473,390,219
User_07812,Instagram,4258,136,271
User_07813,Instagram,4237,406,228
User_07814,Twitter,674,9,302
User_07815,Instagram,3522,297,121
User_07816,Instagram,4993,431,222
User_07817,Facebook,205,409,218
User_07818,Facebook,2792,42,113
User_07819,Twitter,262,161,172
User_07820,Instagram,2752,374,278
User_07821,Facebook,1064,351,182
User_07822,Twitter,1825,118,347
User_07823,Instagram,1469,492,112
User_07824,YouTube,3854,1097,574
User_07825,Instagram,2577,262,178
User_07826,Instagram,2440,337,79
User_07827,Instagram,1239,194,126
User_07828,Twitter,1239,189,24
User_07829,Facebook,1479,407,186
User_07830,Facebook,917,131,67
User_07831,Facebook,3901,190,198
User_07832,YouTube,7334,785,482
User_07833,Facebook,563,61,185
User_07834,YouTube,4897,59,297
User_07835,YouTube,3279,184,538
User_07836,Facebook,2490,132,113
User_07837,YouTube,3786,183,44
User_07838,Facebook,4003,252,32
User_07839,Instagram,2677,13,210
User_07840,Facebook,979,349,241
User_07841,Twitter,2497,66,200
User_07842,YouTube,1152,935,223
User_07843,Facebook,4211,62,217
User_07844,Twitter,598,352,315
User_07845,Instagram,488,379,259
User_07846,Twitter,956,318,80
User_07847,Facebook,842,308,142
User_07848,Facebook,3292,295,232
User_07849,Instagram,2689,231,113
User_07850,Twitter,1802,400,248
User_07851,Instagram,270,188,72
User_07852,Twitter,2016,2,227
User_07853,YouTube,5773,175,387
User_07854,Facebook,502,135,72
User_07855,YouTube,937,31,186
User_07856,Instagram,1122,402,195
User_07857,Facebook,4089,289,158
User_07858,Instagram,1795,386,160
User_07859,YouTube,1005,358,613
User_07860,YouTube,8341,828,468
User_07861,Twitter,213,123,333
User_07862,Instagram,2279,9,107
User_07863,YouTube,6786,950,700
User_07864,YouTube,4975,150,554
User_07865,Facebook,2006,408,110
User_07866,Instagram,415,43,126
User_07867,Facebook,3696,93,20
User_07868,Instagram,2618,56,126
User_07869,Facebook,2340,197,17
User_07870,Instagram,4518,163,83
User_07871,Facebook,63,55,62
User_07872,Facebook,3002,412,62
User_07873,Facebook,298,399,142
User_07874,Facebook,669,390,174
User_07875,Twitter,2162,64,371
User_07876,Twitter,930,214,431
User_07877,Instagram,1996,280,291
User_07878,Instagram,3973,130,196
User_07879,Instagram,3866,388,263
User_07880,YouTube,8064,887,498
User_07881,Facebook,418,26,7
User_07882,YouTube,2220,175,268
User_07883,Instagram,462,499,244
User_07884,Instagram,3791,63,224
User_07885,Facebook,2243,292,95
User_07886,Instagram,4417,434,166
User_07887,Instagram,1527,115,236
User_07888,Instagram,4384,195,43
User_07889,Instagram,4835,390,43
User_07890,YouTube,5079,750,270
User_07891,YouTube,6986,977,150
User_07892,Twitter,1429,175,200
User_07893,Instagram,4965,100,234
User_07894,Twitter,2061,42,121
User_07895,Twitter,1847,377,351
User_07896,Instagram,4154,261,214
User_07897,Facebook,3526,128,151
User_07898,YouTube,6666,228,142
User_07899,Twitter,3153,197,473
User_07900,Twitter,2247,114,482
User_07901,Instagram,3099,191,255
User_07902,Facebook,3798,55,52
User_07903,Twitter,3081,148,422
User_07904,Instagram,1408,378,73
User_07905,Facebook,2404,346,99
User_07906,Instagram,2523,157,202
User_07907,Twitter,740,255,218
User_07908,Facebook,1829,5,77
User_07909,Instagram,636,417,236
User_07910,Twitter,3211,51,351
User_07911,YouTube,2952,219,388
User_07912,Facebook,2460,266,60
User_07913,Instagram,4973,208,274
User_07914,Twitter,868,214,135
User_07915,Twitter,131,130,199
User_07916,YouTube,6278,1113,583
User_07917,Twitter,2449,263,463
User_07918,Twitter,109,112,194
User_07919,Facebook,64,19,73
User_07920,Facebook,4024,354,156
User_07921,Facebook,3329,378,60
User_07922,Instagram,2872,300,94
User_07923,Facebook,970,343,166
User_07924,Facebook,3993,34,100
User_07925,YouTube,9902,466,291
User_07926,Instagram,407,469,137
User_07927,Instagram,3139,385,76
User_07928,Instagram,721,283,233
User_07929,Facebook,1090,267,42
User_07930,YouTube,7961,264,536
User_07931,Facebook,207,49,139
User_07932,Instagram,3706,361,300
User_07933,Twitter,2690,29,435
User_07934,Twitter,1390,348,230
User_07935,YouTube,9546,987,296
User_07936,Twitter,2577,309,30
User_07937,YouTube,2741,286,114
User_07938,Twitter,528,58,143
User_07939,Twitter,3258,173,214
User_07940,YouTube,8566,204,571
User_07941,Instagram,127,226,41
User_07942,Twitter,885,325,411
User_07943,YouTube,6758,508,101
User_07944,Twitter,839,50,87
User_07945,Twitter,1521,182,230
User_07946,Facebook,3434,57,109
User_07947,YouTube,6825,456,504
User_07948,Instagram,776,298,110
User_07949,Instagram,3260,276,87
User_07950,Instagram,982,395,108
User_07951,Instagram,4142,44,220
User_07952,Twitter,1445,98,408
User_07953,Facebook,981,204,58
User_07954,Facebook,3493,66,207
User_07955,Facebook,669,245,159
User_07956,YouTube,4486,1194,42
User_07957,Instagram,2593,357,30
User_07958,Facebook,3941,349,43
User_07959,YouTube,4947,770,533
User_07960,YouTube,8349,470,354
User_07961,Twitter,3380,122,349
User_07962,Instagram,1304,251,144
User_07963,Facebook,1302,79,235
User_07964,YouTube,5703,226,453
User_07965,YouTube,1242,387,335
User_07966,Instagram,2131,431,254
User_07967,Twitter,755,56,420
User_07968,Facebook,1579,212,209
User_07969,Instagram,1045,361,279
User_07970,Twitter,975,294,307
User_07971,YouTube,5965,538,105
User_07972,Facebook,2101,167,61
User_07973,Instagram,2621,204,113
User_07974,Instagram,4990,129,6
User_07975,Twitter,2468,206,267
User_07976,YouTube,855,887,682
User_07977,YouTube,6036,1196,556
User_07978,Twitter,575,324,143
User_07979,Instagram,4657,388,92
User_07980,Instagram,3825,252,98
User_07981,YouTube,1622,867,415
User_07982,Instagram,595,454,107
User_07983,Facebook,3894,103,241
User_07984,Twitter,1874,16,245
User_07985,Facebook,1031,250,170
User_07986,Facebook,2446,10,182
User_07987,Facebook,2543,72,168
User_07988,Facebook,1438,381,219
User_07989,YouTube,1641,1085,240
User_07990,Instagram,3423,349,127
User_07991,Facebook,1962,227,82
User_07992,YouTube,336,202,562
User_07993,Instagram,2589,153,139
User_07994,Facebook,2469,394,250
User_07995,YouTube,2644,73,166
User_07996,YouTube,4108,763,12
User_07997,YouTube,7296,852,364
User_07998,Instagram,1016,347,265
User_07999,Twitter,2712,35,173
User_08000,Twitter,1142,6,314
User_08001,YouTube,1788,642,511
User_08002,YouTube,3252,1114,639
User_08003,Instagram,1627,244,21
User_08004,YouTube,5196,284,312
User_08005,YouTube,1629,124,525
User_08006,Facebook,3198,445,21
User_08007,Instagram,272,334,104
User_08008,YouTube,6380,664,636
User_08009,YouTube,3069,1193,612
User_08010,Facebook,328,329,246
User_08011,Facebook,2021,250,99
User_08012,Twitter,1792,300,340
User_08013,Twitter,2477,90,397
User_08014,Facebook,2882,124,61
User_08015,Twitter,402,293,129
User_08016,Instagram,585,325,279
User_08017,Facebook,173,432,161
User_08018,Facebook,2543,69,73
User_08019,Facebook,2448,6,98
User_08020,Twitter,2778,92,263
User_08021,Facebook,2253,214,50
User_08022,Facebook,2496,350,134
User_08023,Facebook,1990,136,55
User_08024,Twitter,1539,54,481
User_08025,Twitter,1806,315,131
User_08026,Instagram,4209,227,187
User_08027,YouTube,2979,592,260
User_08028,Facebook,3183,322,243
User_08029,Facebook,2741,180,7
User_08030,Twitter,1121,106,175
User_08031,Instagram,4781,446,179
User_08032,Facebook,4324,418,161
User_08033,YouTube,4556,992,651
User_08034,Instagram,2087,296,220
User_08035,Twitter,1180,169,108
User_08036,YouTube,9945,206,486
User_08037,Twitter,1364,24,133
User_08038,Twitter,530,283,268
User_08039,Facebook,77,24,197
User_08040,YouTube,4588,289,568
User_08041,Twitter,889,142,146
User_08042,Twitter,2751,195,265
User_08043,Twitter,1780,232,302
User_08044,YouTube,7587,43,423
User_08045,Instagram,3798,363,13
User_08046,Twitter,2413,28,44
User_08047,YouTube,7314,178,87
User_08048,Instagram,1810,413,270
User_08049,YouTube,7440,220,349
User_08050,Twitter,1987,185,215
User_08051,Twitter,3001,168,1
User_08052,YouTube,1354,1121,522
User_08053,Twitter,101,353,50
User_08054,Twitter,2032,341,150
User_08055,YouTube,9323,380,214
User_08056,YouTube,3499,763,630
User_08057,Twitter,2377,266,168
User_08058,Instagram,2329,170,10
User_08059,YouTube,6800,846,595
User_08060,Facebook,4008,180,81
User_08061,Instagram,1161,427,137
User_08062,Facebook,3600,41,122
User_08063,Facebook,2752,415,116
User_08064,Instagram,2513,495,19
User_08065,Facebook,2746,33,222
User_08066,Facebook,4454,170,225
User_08067,Twitter,1772,383,89
User_08068,Twitter,3423,156,264
User_08069,Instagram,3419,394,129
User_08070,YouTube,9487,510,421
User_08071,Instagram,3206,105,167
User_08072,YouTube,3716,48,91
User_08073,Instagram,700,440,74
User_08074,Twitter,2269,297,194
User_08075,YouTube,1477,436,6
User_08076,YouTube,8352,765,155
User_08077,Twitter,1902,181,269
User_08078,Twitter,3128,245,25
User_08079,Facebook,3212,172,108
User_08080,Facebook,462,104,193
User_08081,Twitter,903,131,156
User_08082,YouTube,3561,538,417
User_08083,Twitter,3080,380,368
User_08084,Facebook,1945,58,139
User_08085,Instagram,1283,105,115
User_08086,YouTube,7304,873,95
User_08087,Twitter,2944,382,462
User_08088,Instagram,3724,456,114
User_08089,Instagram,3707,159,145
User_08090,YouTube,7652,955,443
User_08091,Facebook,3427,74,101
User_08092,Facebook,3254,232,139
User_08093,YouTube,774,1053,633
User_08094,Twitter,3352,255,136
User_08095,Twitter,3187,193,314
User_08096,YouTube,4799,500,297
User_08097,YouTube,2366,735,199
User_08098,Twitter,3091,237,404
User_08099,YouTube,550,501,492
User_08100,Twitter,1927,216,286
User_08101,Twitter,1172,14,136
User_08102,Facebook,224,448,124
User_08103,Twitter,1933,183,42
User_08104,YouTube,9877,921,364
User_08105,Facebook,2481,50,21
User_08106,YouTube,7819,435,672
User_08107,Facebook,526,323,152
User_08108,Instagram,314,334,25
User_08109,YouTube,648,847,386
User_08110,Twitter,1482,373,260
User_08111,Facebook,2023,386,76
User_08112,YouTube,5726,510,542
User_08113,YouTube,7024,758,256
User_08114,YouTube,3053,420,698
User_08115,Facebook,3411,225,10
User_08116,Instagram,351,138,240
User_08117,Instagram,4724,382,42
User_08118,Instagram,540,381,127
User_08119,YouTube,9683,750,436
User_08120,Instagram,694,312,258
User_08121,Twitter,3434,162,42
User_08122,Instagram,4536,57,164
User_08123,Facebook,3708,408,239
User_08124,YouTube,6682,883,83
User_08125,YouTube,5120,973,464
User_08126,Twitter,400,263,330
User_08127,Twitter,2113,251,343
User_08128,Instagram,2349,373,238
User_08129,Twitter,1657,345,334
User_08130,Twitter,2262,77,363
User_08131,Instagram,3104,369,70
User_08132,YouTube,6721,712,619
User_08133,YouTube,374,1088,662
User_08134,Instagram,2312,372,86
User_08135,Facebook,1936,6,188
User_08136,Facebook,1563,259,110
User_08137,YouTube,384,656,289
User_08138,Twitter,2806,125,320
User_08139,Twitter,735,81,35
User_08140,YouTube,997,736,73
User_08141,Facebook,762,277,101
User_08142,Twitter,152,159,249
User_08143,YouTube,7490,508,223
User_08144,Instagram,2125,237,258
User_08145,YouTube,2846,544,471
User_08146,YouTube,5055,272,7
User_08147,Facebook,2721,315,69
User_08148,YouTube,1789,44,693
User_08149,Facebook,1890,405,131
User_08150,Twitter,2662,117,430
User_08151,YouTube,1444,1110,421
User_08152,Twitter,1290,256,246
User_08153,YouTube,1664,427,97
User_08154,Facebook,3042,44,131
User_08155,Facebook,110,77,92
User_08156,YouTube,3304,557,433
User_08157,YouTube,8857,170,362
User_08158,Facebook,4359,402,139
User_08159,YouTube,2849,253,505
User_08160,YouTube,5731,128,596
User_08161,YouTube,1344,359,572
User_08162,Twitter,1372,186,414
User_08163,Instagram,3136,240,178
User_08164,Facebook,1802,280,54
User_08165,Instagram,4863,117,161
User_08166,Instagram,4537,461,23
User_08167,Instagram,1656,496,274
User_08168,Instagram,2165,448,199
User_08169,Facebook,2162,70,182
User_08170,Facebook,2593,85,28
User_08171,YouTube,9508,958,252
User_08172,Instagram,4863,381,54
User_08173,Facebook,558,268,82
User_08174,Facebook,3908,103,77
User_08175,Instagram,763,156,207
User_08176,Instagram,1660,132,44
User_08177,YouTube,5938,752,205
User_08178,Instagram,564,169,116
User_08179,Instagram,1604,35,159
User_08180,YouTube,268,931,456
User_08181,Instagram,867,462,26
User_08182,Twitter,1496,316,282
User_08183,YouTube,5225,664,472
User_08184,Twitter,3056,364,222
User_08185,Facebook,2542,171,228
User_08186,YouTube,2060,1153,193
User_08187,Instagram,1208,213,138
User_08188,YouTube,2601,122,431
User_08189,YouTube,1444,220,28
User_08190,Twitter,448,357,384
User_08191,Twitter,2644,196,354
User_08192,Instagram,191,35,271
User_08193,Facebook,1351,345,66
User_08194,Facebook,1051,212,139
User_08195,Facebook,3459,427,130
User_08196,Facebook,1284,356,23
User_08197,Twitter,1477,328,206
User_08198,Facebook,3161,432,160
User_08199,Twitter,618,17,271
User_08200,Facebook,2259,259,148
User_08201,Instagram,81,10,178
User_08202,Facebook,1179,343,206
User_08203,YouTube,8165,275,140
User_08204,Twitter,221,362,104
User_08205,Facebook,1234,20,13
User_08206,Twitter,3482,138,287
User_08207,YouTube,8182,273,265
User_08208,Facebook,3833,67,39
User_08209,YouTube,1547,614,347
User_08210,Facebook,406,174,175
User_08211,Instagram,1257,472,266
User_08212,Twitter,85,196,23
User_08213,YouTube,9150,68,182
User_08214,Facebook,2187,11,109
User_08215,YouTube,5022,987,274
User_08216,Twitter,3315,206,355
User_08217,YouTube,782,1196,28
User_08218,YouTube,1466,1039,603
User_08219,YouTube,7237,813,270
User_08220,Facebook,328,53,232
User_08221,Twitter,1368,323,431
User_08222,YouTube,7168,285,230
User_08223,Twitter,2194,262,475
User_08224,Twitter,3001,197,178
User_08225,Twitter,2875,316,320
User_08226,Facebook,646,110,101
User_08227,Instagram,3463,336,67
User_08228,Facebook,228,50,27
User_08229,Facebook,3170,9,238
User_08230,YouTube,7996,577,686
User_08231,Twitter,346,387,296
User_08232,Instagram,1805,265,10
User_08233,Facebook,2737,67,196
User_08234,YouTube,8636,670,256
User_08235,Facebook,2414,162,20
User_08236,Instagram,2176,240,290
User_08237,Instagram,3012,124,159
User_08238,Twitter,544,289,123
User_08239,YouTube,1623,847,490
User_08240,Facebook,501,424,146
User_08241,YouTube,3721,268,678
User_08242,Twitter,2041,6,414
User_08243,YouTube,8464,1068,418
User_08244,Twitter,3438,171,195
User_08245,Facebook,1406,193,200
User_08246,Facebook,1341,274,233
User_08247,Facebook,4435,5,196
User_08248,Instagram,4366,116,80
User_08249,Facebook,3099,112,12
User_08250,Twitter,2108,265,176
User_08251,Twitter,2212,374,153
User_08252,Twitter,2006,211,328
User_08253,Twitter,2077,11,313
User_08254,Twitter,1160,167,411
User_08255,Facebook,3969,142,189
User_08256,YouTube,9513,676,593
User_08257,Twitter,1391,77,41
User_08258,Facebook,2967,330,53
User_08259,Instagram,3962,170,178
User_08260,YouTube,9925,334,520
User_08261,Twitter,1144,277,363
User_08262,Twitter,1152,46,496
User_08263,Instagram,2434,274,199
User_08264,Facebook,3550,232,84
User_08265,Instagram,1015,409,254
User_08266,Twitter,1073,173,115
User_08267,YouTube,6756,738,330
User_08268,Instagram,2984,403,225
User_08269,YouTube,1928,835,456
User_08270,Twitter,993,371,5
User_08271,Instagram,4684,494,107
User_08272,YouTube,8362,386,67
User_08273,Instagram,3294,406,100
User_08274,Instagram,753,393,169
User_08275,Twitter,2691,329,80
User_08276,Facebook,2340,79,34
User_08277,YouTube,8971,450,317
User_08278,Facebook,3968,200,107
User_08279,Instagram,4700,326,268
User_08280,YouTube,7241,110,89
User_08281,Instagram,2299,9,106
User_08282,Facebook,2497,288,3
User_08283,Instagram,2783,450,114
User_08284,Twitter,3082,125,192
User_08285,Twitter,1659,384,249
User_08286,Instagram,2883,172,135
User_08287,YouTube,6929,42,358
User_08288,Facebook,1303,206,12
User_08289,Twitter,2004,138,477
User_08290,Twitter,2612,360,71
User_08291,Twitter,577,26,323
User_08292,YouTube,3478,819,311
User_08293,Instagram,927,311,80
User_08294,YouTube,6797,920,646
User_08295,Facebook,4146,191,190
User_08296,Instagram,1448,48,184
User_08297,YouTube,3663,1150,256
User_08298,Instagram,4122,237,176
User_08299,YouTube,9095,294,96
User_08300,Facebook,3204,98,108
User_08301,YouTube,3664,769,412
User_08302,Twitter,2646,264,137
User_08303,YouTube,6578,15,461
User_08304,Instagram,3986,430,177
User_08305,Instagram,4658,361,293
User_08306,Instagram,4185,38,235
User_08307,Twitter,1554,191,36
User_08308,Facebook,2311,158,26
User_08309,YouTube,9996,348,352
User_08310,Facebook,861,224,236
User_08311,YouTube,8971,374,537
User_08312,Facebook,4278,404,166
User_08313,YouTube,9444,984,283
User_08314,Twitter,1842,224,180
User_08315,Twitter,3215,165,299
User_08316,Instagram,3993,14,187
User_08317,YouTube,5064,549,669
User_08318,Facebook,2546,118,198
User_08319,Twitter,2219,243,337
User_08320,Twitter,437,174,441
User_08321,Twitter,3299,290,90
User_08322,Facebook,61,429,151
User_08323,YouTube,980,1007,419
User_08324,Facebook,2484,447,30
User_08325,YouTube,3548,747,612
User_08326,Twitter,1931,65,27
User_08327,Instagram,949,68,172
User_08328,YouTube,7675,941,239
User_08329,YouTube,4406,502,684
User_08330,Instagram,2199,360,276
User_08331,Twitter,566,90,181
User_08332,YouTube,7772,1034,349
User_08333,Twitter,1062,55,115
User_08334,YouTube,4529,1009,321
User_08335,Instagram,3273,278,170
User_08336,YouTube,7761,448,639
User_08337,YouTube,2584,496,153
User_08338,YouTube,6209,725,570
User_08339,Instagram,4818,407,178
User_08340,Twitter,3079,308,155
User_08341,Twitter,1503,258,51
User_08342,Twitter,1668,24,80
User_08343,YouTube,2026,406,425
User_08344,Facebook,1992,114,191
User_08345,YouTube,7375,13,312
User_08346,Instagram,3859,57,130
User_08347,Twitter,3324,305,500
User_08348,Twitter,2615,368,50
User_08349,YouTube,8172,1011,256
User_08350,YouTube,2139,1148,362
User_08351,YouTube,9470,706,47
User_08352,Facebook,4130,150,97
User_08353,Twitter,171,64,237
User_08354,Instagram,1614,316,200
User_08355,Instagram,208,44,237
User_08356,YouTube,611,90,112
User_08357,Twitter,3090,20,482
User_08358,Twitter,1904,295,405
User_08359,YouTube,9514,78,505
User_08360,Twitter,2890,307,92
User_08361,YouTube,5241,210,412
User_08362,Facebook,939,388,206
User_08363,YouTube,9574,494,685
User_08364,Twitter,1843,207,347
User_08365,Facebook,2931,106,204
User_08366,Twitter,2013,124,189
User_08367,YouTube,8737,844,51
User_08368,Twitter,256,234,66
User_08369,Facebook,4414,280,56
User_08370,YouTube,1498,447,241
User_08371,YouTube,1844,407,631
User_08372,Instagram,659,144,99
User_08373,Instagram,4994,244,160
User_08374,Facebook,4074,330,81
User_08375,Facebook,3580,212,219
User_08376,Facebook,2609,250,184
User_08377,Twitter,1828,395,420
User_08378,Instagram,2245,271,13
User_08379,Facebook,130,345,15
User_08380,Twitter,2778,371,117
User_08381,YouTube,7259,757,579
User_08382,Facebook,3233,427,8
User_08383,Facebook,2847,97,244
User_08384,Twitter,991,375,242
User_08385,YouTube,1219,299,523
User_08386,Twitter,1777,300,54
User_08387,Instagram,1084,349,67
User_08388,Facebook,1401,43,69
User_08389,Facebook,2680,448,42
User_08390,Twitter,358,57,300
User_08391,Twitter,3254,330,280
User_08392,Facebook,2769,419,160
User_08393,YouTube,6560,662,467
User_08394,YouTube,4570,783,386
User_08395,Facebook,1521,196,177
User_08396,YouTube,4690,596,83
User_08397,Instagram,4316,54,274
User_08398,YouTube,1498,447,396
User_08399,Twitter,788,263,495
User_08400,Instagram,2819,78,31
User_08401,Facebook,4462,56,178
User_08402,Facebook,3681,433,245
User_08403,Twitter,2121,156,400
User_08404,Instagram,4449,403,145
User_08405,Twitter,348,135,196
User_08406,Facebook,1398,19,244
User_08407,Instagram,2188,343,269
User_08408,Facebook,1664,129,84
User_08409,YouTube,1077,209,118
User_08410,Facebook,3668,91,140
User_08411,Facebook,3228,10,52
User_08412,Instagram,4212,251,204
User_08413,YouTube,7779,998,52
User_08414,Instagram,3505,343,249
User_08415,Twitter,464,280,122
User_08416,Twitter,1565,75,380
User_08417,YouTube,142,999,436
User_08418,Twitter,2842,35,326
User_08419,Twitter,779,50,256
User_08420,Facebook,382,149,141
User_08421,Twitter,2317,27,337
User_08422,YouTube,1787,1036,404
User_08423,Facebook,406,120,228
User_08424,Facebook,3211,437,78
User_08425,YouTube,6663,535,634
User_08426,Twitter,1933,154,56
User_08427,Instagram,3337,23,167
User_08428,Facebook,207,203,202
User_08429,YouTube,9424,77,583
User_08430,Twitter,2662,9,118
User_08431,YouTube,2241,698,682
User_08432,Instagram,4933,235,29
User_08433,Instagram,4574,40,193
User_08434,Instagram,1588,208,280
User_08435,Facebook,3245,242,246
User_08436,Instagram,3837,146,91
User_08437,Instagram,2770,477,128
User_08438,Instagram,4951,132,205
User_08439,Facebook,2832,92,104
User_08440,Instagram,1201,94,59
User_08441,Twitter,2360,378,476
User_08442,Instagram,4558,367,263
User_08443,Twitter,1522,143,264
User_08444,Instagram,1209,447,120
User_08445,Facebook,3055,284,61
User_08446,YouTube,3247,179,9
User_08447,Twitter,1503,231,123
User_08448,YouTube,1483,993,323
User_08449,YouTube,4256,782,592
User_08450,Facebook,2867,67,8
User_08451,Facebook,707,160,14
User_08452,Instagram,1283,471,280
User_08453,Facebook,1591,49,148
User_08454,YouTube,6123,1061,655
User_08455,Twitter,2339,298,7
User_08456,Facebook,2816,418,196
User_08457,Twitter,429,254,476
User_08458,Twitter,353,250,359
User_08459,Instagram,1624,21,178
User_08460,Twitter,2069,233,465
User_08461,Instagram,4745,160,39
User_08462,Facebook,2117,362,99
User_08463,Instagram,2753,52,202
User_08464,YouTube,8961,484,654
User_08465,YouTube,3521,499,463
User_08466,Twitter,2308,134,60
User_08467,Twitter,3149,208,235
User_08468,Twitter,2752,225,440
User_08469,Instagram,126,203,145
User_08470,Facebook,2580,171,243
User_08471,Twitter,2790,327,343
User_08472,Facebook,695,332,197
User_08473,Twitter,3134,123,23
User_08474,Facebook,1889,95,69
User_08475,Twitter,3085,371,372
User_08476,Twitter,1385,388,256
User_08477,YouTube,5675,248,5
User_08478,YouTube,8993,585,551
User_08479,Instagram,4855,160,226
User_08480,Facebook,999,282,25
User_08481,YouTube,6440,50,354
User_08482,YouTube,2757,1000,57
User_08483,Twitter,2454,300,457
User_08484,YouTube,9598,622,493
User_08485,Twitter,3427,62,54
User_08486,Instagram,469,252,296
User_08487,Twitter,1626,159,452
User_08488,Twitter,1502,150,345
User_08489,YouTube,6953,709,477
User_08490,Facebook,4232,294,204
User_08491,Twitter,641,87,199
User_08492,Facebook,2465,264,88
User_08493,YouTube,505,426,598
User_08494,Instagram,4207,137,196
User_08495,YouTube,6929,33,449
User_08496,Twitter,2983,304,374
User_08497,Facebook,3380,39,57
User_08498,Facebook,3396,405,142
User_08499,Twitter,158,321,393
User_08500,Twitter,1825,235,225
User_08501,YouTube,7774,93,674
User_08502,Facebook,3368,78,98
User_08503,Facebook,4111,244,152
User_08504,Facebook,3677,40,173
User_08505,Instagram,501,489,226
User_08506,Facebook,2969,68,35
User_08507,Twitter,726,97,339
User_08508,Instagram,3383,281,87
User_08509,YouTube,3404,345,242
User_08510,Facebook,2021,31,203
User_08511,Facebook,1806,320,152
User_08512,Facebook,2106,148,99
User_08513,Instagram,3336,421,16
User_08514,Twitter,2338,134,363
User_08515,Facebook,58,209,158
User_08516,YouTube,2238,400,354
User_08517,Twitter,2222,202,166
User_08518,Facebook,2542,51,36
User_08519,YouTube,4072,997,54
User_08520,Instagram,3183,446,137
User_08521,YouTube,8800,1148,349
User_08522,YouTube,8811,990,353
User_08523,Facebook,913,64,248
User_08524,Instagram,2146,90,187
User_08525,YouTube,5195,303,547
User_08526,Instagram,2704,131,229
User_08527,Twitter,3133,156,497
User_08528,Facebook,3031,175,206
User_08529,Instagram,3979,290,219
User_08530,Twitter,2249,205,15
User_08531,Facebook,384,122,186
User_08532,Facebook,1422,67,65
User_08533,Instagram,3986,22,49
User_08534,YouTube,9278,831,429
User_08535,Facebook,1119,281,209
User_08536,Twitter,2337,270,398
User_08537,Twitter,673,267,255
User_08538,Facebook,664,133,207
User_08539,Facebook,2577,295,94
User_08540,Twitter,731,297,419
User_08541,Instagram,3932,473,297
User_08542,Twitter,1288,155,59
User_08543,Twitter,54,122,100
User_08544,Facebook,4479,290,131
User_08545,Instagram,3908,7,11
User_08546,YouTube,1387,94,188
User_08547,Twitter,1298,175,351
User_08548,Instagram,1279,485,12
User_08549,Facebook,1344,379,182
User_08550,Instagram,723,375,252
User_08551,YouTube,4975,760,283
User_08552,Instagram,3313,146,273
User_08553,Twitter,2557,72,338
User_08554,Instagram,505,449,139
User_08555,Twitter,1720,69,448
User_08556,Twitter,1328,334,379
User_08557,Instagram,850,187,89
User_08558,Twitter,2809,350,293
User_08559,Twitter,1055,143,88
User_08560,Instagram,1932,449,205
User_08561,Instagram,3992,278,176
User_08562,YouTube,8994,396,211
User_08563,Instagram,4742,500,192
User_08564,Twitter,600,123,353
User_08565,Facebook,3299,278,183
User_08566,Instagram,3541,30,47
User_08567,YouTube,5598,922,613
User_08568,Facebook,1916,73,104
User_08569,Twitter,329,139,380
User_08570,YouTube,8294,214,640
User_08571,Twitter,48,50,187
User_08572,Instagram,925,294,223
User_08573,Twitter,2515,249,343
User_08574,Facebook,266,321,35
User_08575,YouTube,1306,1180,138
User_08576,Instagram,1026,439,289
User_08577,Facebook,2930,69,62
User_08578,Facebook,1263,294,117
User_08579,Instagram,2250,299,103
User_08580,Twitter,2418,176,259
User_08581,Facebook,884,180,139
User_08582,YouTube,5387,265,84
User_08583,Twitter,3470,110,411
User_08584,Twitter,361,146,308
User_08585,Facebook,198,408,121
User_08586,YouTube,7628,629,118
User_08587,YouTube,3106,622,579
User_08588,Twitter,3406,123,299
User_08589,Twitter,669,199,67
User_08590,YouTube,9951,173,534
User_08591,Facebook,614,96,78
User_08592,Twitter,3000,232,121
User_08593,Twitter,2921,238,246
User_08594,Facebook,2152,157,50
User_08595,YouTube,3336,711,316
User_08596,Twitter,2145,255,85
User_08597,Twitter,1502,245,57
User_08598,YouTube,6753,639,233
User_08599,Instagram,1333,319,294
User_08600,Instagram,1904,143,275
User_08601,Instagram,2481,69,152
User_08602,Twitter,2400,216,493
User_08603,Instagram,300,374,27
User_08604,YouTube,255,144,434
User_08605,YouTube,8012,477,494
User_08606,Twitter,542,149,451
User_08607,Facebook,3361,200,179
User_08608,Facebook,1071,192,68
User_08609,Facebook,310,118,107
User_08610,Facebook,474,309,196
User_08611,Instagram,2248,477,32
User_08612,Instagram,2770,80,240
User_08613,Facebook,930,368,31
User_08614,Twitter,775,95,203
User_08615,YouTube,1178,539,508
User_08616,YouTube,6999,1180,18
User_08617,Instagram,588,272,138
User_08618,Facebook,1864,116,86
User_08619,YouTube,7446,637,172
User_08620,Facebook,4453,331,64
User_08621,YouTube,6936,860,497
User_08622,Twitter,3285,44,181
User_08623,Facebook,202,409,45
User_08624,Facebook,3573,398,235
User_08625,Facebook,2507,243,188
User_08626,Facebook,3338,171,4
User_08627,Instagram,1711,78,290
User_08628,Instagram,4757,24,30
User_08629,Twitter,1251,234,209
User_08630,Instagram,2603,159,76
User_08631,Twitter,2081,252,128
User_08632,YouTube,5311,542,679
User_08633,Instagram,2377,95,129
User_08634,Instagram,3331,322,254
User_08635,Facebook,541,381,112
User_08636,Twitter,1509,139,485
User_08637,Facebook,1649,161,246
User_08638,Facebook,3318,305,6
User_08639,YouTube,5334,444,692
User_08640,Facebook,2880,94,133
User_08641,Twitter,2305,357,114
User_08642,YouTube,7582,415,259
User_08643,Instagram,1863,131,12
User_08644,Twitter,972,143,175
User_08645,Facebook,1745,30,48
User_08646,Facebook,3506,163,27
User_08647,Facebook,1289,155,196
User_08648,Twitter,1058,13,325
User_08649,YouTube,3227,949,166
User_08650,Instagram,2030,122,179
User_08651,Instagram,2705,473,39
User_08652,Twitter,217,66,128
User_08653,Facebook,2715,54,211
User_08654,Instagram,4043,367,47
User_08655,YouTube,5940,674,552
User_08656,Twitter,241,302,490
User_08657,YouTube,957,569,160
User_08658,Facebook,2490,179,102
User_08659,YouTube,1266,171,612
User_08660,Facebook,3081,421,97
User_08661,Instagram,1128,169,121
User_08662,Instagram,4033,399,266
User_08663,Instagram,4853,51,129
User_08664,YouTube,449,725,233
User_08665,YouTube,4260,150,636
User_08666,Twitter,470,172,355
User_08667,Twitter,3118,162,184
User_08668,Twitter,516,202,222
User_08669,Facebook,1462,268,163
User_08670,Facebook,2314,214,64
User_08671,Instagram,3577,66,212
User_08672,Facebook,649,348,173
User_08673,YouTube,7187,496,328
User_08674,Facebook,115,403,2
User_08675,Twitter,1805,39,161
User_08676,Instagram,2418,83,30
User_08677,YouTube,9313,799,517
User_08678,YouTube,6981,922,476
User_08679,Instagram,2557,102,112
User_08680,Twitter,118,260,22
User_08681,Instagram,945,27,42
User_08682,YouTube,6941,206,56
User_08683,Facebook,1258,253,214
User_08684,Instagram,4456,309,108
User_08685,Instagram,2352,414,202
User_08686,Instagram,3211,485,126
User_08687,Instagram,3389,500,262
User_08688,Twitter,2918,276,376
User_08689,YouTube,1551,1090,366
User_08690,Twitter,2460,25,180
User_08691,Instagram,4893,200,173
User_08692,Twitter,3127,287,275
User_08693,Facebook,3154,250,47
User_08694,Instagram,148,250,81
User_08695,Twitter,661,2,371
User_08696,Instagram,2428,234,81
User_08697,Facebook,3792,112,92
User_08698,Twitter,1178,11,239
User_08699,Facebook,275,278,58
User_08700,Instagram,3329,314,229
User_08701,YouTube,1791,532,359
User_08702,YouTube,9088,428,426
User_08703,Twitter,345,135,199
User_08704,Twitter,1099,290,19
User_08705,Twitter,1572,271,264
User_08706,Twitter,1860,192,36
User_08707,YouTube,8151,216,91
User_08708,Twitter,1266,183,221
User_08709,Instagram,2926,347,189
User_08710,Twitter,868,157,128
User_08711,Instagram,4176,29,226
User_08712,Facebook,1240,13,186
User_08713,Instagram,1153,183,272
User_08714,YouTube,7120,688,224
User_08715,Facebook,3887,365,124
User_08716,Twitter,3274,125,10
User_08717,Facebook,854,198,128
User_08718,Twitter,463,305,401
User_08719,Facebook,3445,60,97
User_08720,YouTube,9070,994,694
User_08721,Facebook,143,441,28
User_08722,Facebook,2191,345,16
User_08723,Facebook,3111,423,76
User_08724,YouTube,5363,58,678
User_08725,Instagram,2852,156,18
User_08726,Instagram,4666,305,283
User_08727,Facebook,4103,210,163
User_08728,Twitter,990,268,262
User_08729,Twitter,573,160,194
User_08730,Instagram,3259,114,8
User_08731,Facebook,2350,132,136
User_08732,Facebook,526,19,9
User_08733,Instagram,2434,119,162
User_08734,Facebook,2556,321,241
User_08735,Facebook,185,256,179
User_08736,YouTube,1842,906,586
User_08737,Twitter,1306,140,212
User_08738,Twitter,645,264,318
User_08739,Twitter,2859,101,184
User_08740,Instagram,4325,315,195
User_08741,Facebook,1230,177,41
User_08742,Twitter,3206,169,324
User_08743,Twitter,248,4,85
User_08744,Facebook,2086,24,35
User_08745,Facebook,2390,24,97
User_08746,Twitter,3065,241,232
User_08747,Instagram,1561,189,42
User_08748,YouTube,8597,1164,49
User_08749,YouTube,1775,1067,649
User_08750,Facebook,4192,11,88
User_08751,Instagram,3431,211,222
User_08752,Instagram,4492,415,60
User_08753,Facebook,1821,301,34
User_08754,Twitter,2179,285,151
User_08755,YouTube,8061,78,602
User_08756,Twitter,3295,101,214
User_08757,Instagram,2723,76,244
User_08758,Twitter,2524,167,425
User_08759,YouTube,5060,630,164
User_08760,Instagram,1235,86,134
User_08761,Facebook,2096,279,141
User_08762,Twitter,803,372,37
User_08763,Facebook,3820,125,120
User_08764,Instagram,2509,192,23
User_08765,Facebook,643,433,215
User_08766,Instagram,4416,21,80
User_08767,Twitter,2801,196,324
User_08768,Instagram,2209,408,64
User_08769,Facebook,3388,8,100
User_08770,Instagram,250,140,234
User_08771,Instagram,4157,295,65
User_08772,Instagram,4802,416,66
User_08773,YouTube,6299,302,316
User_08774,Twitter,1696,288,283
User_08775,Facebook,2411,37,250
User_08776,Instagram,1855,139,42
User_08777,YouTube,1627,415,76
User_08778,Instagram,958,488,289
User_08779,Instagram,2606,9,177
User_08780,Instagram,1946,85,163
User_08781,Instagram,3694,452,3
User_08782,YouTube,5208,932,44
User_08783,YouTube,6884,12,591
User_08784,YouTube,882,801,469
User_08785,Instagram,2474,343,259
User_08786,Twitter,2176,110,36
User_08787,Instagram,1671,58,136
User_08788,YouTube,6485,566,327
User_08789,Twitter,532,393,79
User_08790,Twitter,1363,340,242
User_08791,YouTube,995,941,279
User_08792,Instagram,1872,114,232
User_08793,YouTube,4331,1199,633
User_08794,Twitter,35,311,483
User_08795,Facebook,2062,316,29
User_08796,Facebook,3260,387,250
User_08797,YouTube,1557,390,650
User_08798,Twitter,1250,38,3
User_08799,Twitter,89,116,86
User_08800,Twitter,3129,232,180
User_08801,Facebook,575,364,167
User_08802,Instagram,2898,255,205
User_08803,Facebook,757,355,216
User_08804,Instagram,715,18,275
User_08805,Twitter,2657,172,152
User_08806,Twitter,3242,50,85
User_08807,YouTube,3800,821,43
User_08808,Twitter,1202,12,32
User_08809,YouTube,7322,605,538
User_08810,Twitter,1920,308,154
User_08811,Twitter,3193,327,326
User_08812,YouTube,8435,526,534
User_08813,Instagram,3878,11,128
User_08814,Twitter,3330,56,13
User_08815,Instagram,3785,413,241
User_08816,Instagram,638,232,250
User_08817,Facebook,3976,165,148
User_08818,YouTube,9856,414,211
User_08819,Instagram,3688,275,54
User_08820,Instagram,655,231,56
User_08821,Twitter,3428,28,19
User_08822,YouTube,487,358,100
User_08823,YouTube,4795,611,93
User_08824,YouTube,5575,876,463
User_08825,YouTube,3826,485,243
User_08826,YouTube,9351,843,355
User_08827,YouTube,2750,478,586
User_08828,Instagram,3982,402,15
User_08829,Facebook,1958,189,64
User_08830,Instagram,503,164,300
User_08831,Facebook,3191,325,105
User_08832,YouTube,3613,800,119
User_08833,Twitter,2672,235,121
User_08834,Instagram,3772,115,292
User_08835,YouTube,7105,326,284
User_08836,Twitter,2959,372,78
User_08837,Facebook,2898,438,136
User_08838,Twitter,1369,340,125
User_08839,Facebook,3965,342,209
User_08840,Twitter,2286,234,340
User_08841,Instagram,2186,364,42
User_08842,Facebook,2280,300,53
User_08843,Instagram,3995,474,201
User_08844,Twitter,156,222,4
User_08845,YouTube,6061,1155,661
User_08846,Instagram,3963,451,119
User_08847,YouTube,7677,266,126
User_08848,Instagram,3233,74,175
User_08849,Instagram,3271,362,287
User_08850,Facebook,3079,389,69
User_08851,Twitter,1258,207,107
User_08852,Twitter,83,54,481
User_08853,YouTube,5468,748,502
User_08854,Instagram,1940,311,123
User_08855,YouTube,2267,983,106
User_08856,Twitter,1648,384,299
User_08857,Facebook,3006,169,34
User_08858,Instagram,2747,17,90
User_08859,Twitter,239,5,25
User_08860,Instagram,960,346,30
User_08861,Instagram,2726,222,39
User_08862,Twitter,308,301,236
User_08863,Facebook,2152,408,66
User_08864,Instagram,1191,490,46
User_08865,Facebook,49,29,174
User_08866,Facebook,1622,276,220
User_08867,YouTube,6251,1183,644
User_08868,Instagram,4643,441,209
User_08869,Twitter,543,102,346
User_08870,Facebook,642,36,69
User_08871,YouTube,8770,265,510
User_08872,Twitter,2592,127,322
User_08873,Twitter,1506,164,372
User_08874,Twitter,307,312,71
User_08875,Facebook,628,400,137
User_08876,Facebook,1184,15,107
User_08877,Facebook,708,274,188
User_08878,Twitter,3386,149,63
User_08879,Twitter,1594,34,327
User_08880,Facebook,278,84,50
User_08881,Twitter,1092,393,60
User_08882,Twitter,2508,124,217
User_08883,Facebook,2635,325,158
User_08884,Instagram,3440,438,238
User_08885,Twitter,1141,9,429
User_08886,Facebook,1247,120,202
User_08887,Instagram,4732,380,118
User_08888,Facebook,2852,76,203
User_08889,Facebook,3335,417,118
User_08890,Instagram,1482,199,125
User_08891,Twitter,2408,135,310
User_08892,YouTube,2810,391,325
User_08893,Facebook,3435,394,67
User_08894,YouTube,5036,1075,290
User_08895,Facebook,3556,397,182
User_08896,Twitter,2097,59,447
User_08897,Instagram,659,163,115
User_08898,Facebook,419,223,67
User_08899,Instagram,4307,17,166
User_08900,Twitter,1981,45,431
User_08901,YouTube,5298,722,613
User_08902,Instagram,3233,362,87
User_08903,Twitter,2193,247,476
User_08904,Instagram,1456,477,184
User_08905,Instagram,1294,13,138
User_08906,Twitter,984,241,87
User_08907,Instagram,3428,96,205
User_08908,Twitter,2988,13,111
User_08909,Facebook,1598,170,132
User_08910,YouTube,1287,1106,11
User_08911,Facebook,2657,181,170
User_08912,Twitter,1938,396,117
User_08913,Twitter,3283,294,101
User_08914,YouTube,8109,1195,328
User_08915,YouTube,1205,1165,663
User_08916,Facebook,2127,373,117
User_08917,YouTube,1498,160,70
User_08918,Twitter,2786,112,201
User_08919,Twitter,68,113,364
User_08920,Twitter,627,183,202
User_08921,Twitter,1785,55,53
User_08922,Facebook,3028,289,76
User_08923,Facebook,1721,111,9
User_08924,Instagram,4498,26,187
User_08925,Twitter,1040,18,381
User_08926,Facebook,1400,326,66
User_08927,Facebook,4228,243,59
User_08928,Facebook,946,25,229
User_08929,Twitter,2817,368,268
User_08930,Facebook,721,92,164
User_08931,Twitter,960,368,219
User_08932,YouTube,4861,1125,362
User_08933,Facebook,1546,6,122
User_08934,Facebook,93,37,159
User_08935,Twitter,3480,13,282
User_08936,YouTube,2356,1125,486
User_08937,YouTube,1236,904,169
User_08938,Twitter,2531,359,221
User_08939,Facebook,3280,172,18
User_08940,Facebook,2720,185,86
User_08941,Instagram,209,14,188
User_08942,Instagram,315,267,60
User_08943,YouTube,8910,534,136
User_08944,Facebook,3556,93,55
User_08945,Instagram,155,112,216
User_08946,Instagram,3751,73,68
User_08947,Facebook,2679,24,41
User_08948,Facebook,63,366,233
User_08949,Facebook,2265,354,38
User_08950,YouTube,3335,945,343
User_08951,Facebook,979,227,198
User_08952,Facebook,286,447,157
User_08953,Instagram,3454,368,204
User_08954,Facebook,1055,221,217
User_08955,Twitter,2527,199,429
User_08956,Twitter,2997,348,157
User_08957,Instagram,2087,110,2
User_08958,YouTube,6224,580,263
User_08959,Instagram,204,204,52
User_08960,Twitter,1621,137,298
User_08961,Twitter,37,17,352
User_08962,YouTube,4853,688,570
User_08963,Instagram,867,173,50
User_08964,Twitter,1687,155,74
User_08965,Twitter,3420,356,88
User_08966,Instagram,4853,71,153
User_08967,Instagram,1024,188,5
User_08968,YouTube,397,845,635
User_08969,Twitter,424,376,369
User_08970,Facebook,1040,173,216
User_08971,Facebook,2754,195,42
User_08972,Facebook,1372,73,171
User_08973,Instagram,2707,262,282
User_08974,Facebook,3775,336,115
User_08975,YouTube,3950,726,282
User_08976,Instagram,2557,259,209
User_08977,Facebook,2824,387,224
User_08978,Facebook,3022,28,199
User_08979,Instagram,762,64,170
User_08980,Facebook,2699,168,131
User_08981,Twitter,3439,94,238
User_08982,Twitter,2904,280,283
User_08983,Facebook,3332,25,58
User_08984,Instagram,3696,146,274
User_08985,Instagram,1999,15,132
User_08986,YouTube,8843,1049,12
User_08987,Twitter,502,280,222
User_08988,Instagram,2585,428,69
User_08989,Facebook,1843,193,247
User_08990,YouTube,4933,756,615
User_08991,Facebook,410,171,190
User_08992,YouTube,9332,843,458
User_08993,YouTube,7389,1025,618
User_08994,Instagram,926,353,98
User_08995,Twitter,2446,282,115
User_08996,Instagram,2552,393,171
User_08997,Twitter,1706,75,227
User_08998,YouTube,5427,223,94
User_08999,Twitter,22,283,292
User_09000,YouTube,8793,1178,480
User_09001,Instagram,943,454,180
User_09002,Facebook,1527,64,200
User_09003,Facebook,1690,199,183
User_09004,Twitter,268,5,469
User_09005,Facebook,2270,239,112
User_09006,Instagram,1114,348,261
User_09007,Facebook,97,356,237
User_09008,Twitter,1170,201,463
User_09009,Instagram,1007,387,128
User_09010,Twitter,2384,306,65
User_09011,Twitter,450,326,465
User_09012,YouTube,6554,109,230
User_09013,Facebook,4306,351,126
User_09014,YouTube,2484,1061,379
User_09015,Twitter,2119,335,54
User_09016,YouTube,3947,1188,483
User_09017,Twitter,2873,126,27
User_09018,Instagram,83,245,123
User_09019,Twitter,2425,147,316
User_09020,YouTube,4633,650,478
User_09021,YouTube,5174,577,117
User_09022,Instagram,3751,211,299
User_09023,Facebook,3530,74,100
User_09024,YouTube,4766,485,309
User_09025,Twitter,3421,183,291
User_09026,Instagram,3253,20,134
User_09027,Facebook,2832,301,168
User_09028,Facebook,4264,173,246
User_09029,Instagram,3835,420,295
User_09030,Twitter,1510,261,438
User_09031,YouTube,7480,1049,233
User_09032,Twitter,1371,215,341
User_09033,Instagram,3149,249,271
User_09034,YouTube,3673,637,698
User_09035,Instagram,4054,435,109
User_09036,Instagram,3677,338,52
User_09037,Twitter,1927,200,49
User_09038,Facebook,2631,341,8
User_09039,Instagram,4079,265,275
User_09040,Facebook,3217,303,42
User_09041,Facebook,1602,106,185
User_09042,YouTube,4728,37,246
User_09043,Facebook,3388,302,152
User_09044,YouTube,2228,1145,346
User_09045,Instagram,1584,119,46
User_09046,Facebook,3256,166,52
User_09047,Facebook,3796,126,82
User_09048,YouTube,2047,593,643
User_09049,Twitter,658,136,305
User_09050,Instagram,1593,76,67
User_09051,Facebook,2234,251,126
User_09052,Instagram,2442,222,170
User_09053,Instagram,4843,129,184
User_09054,YouTube,6131,715,467
User_09055,Instagram,1268,23,22
User_09056,Twitter,485,242,129
User_09057,Instagram,1643,219,160
User_09058,YouTube,6005,1164,285
User_09059,Twitter,3293,202,57
User_09060,Facebook,922,287,146
User_09061,Facebook,803,330,39
User_09062,Twitter,2792,376,387
User_09063,Instagram,3478,171,17
User_09064,Twitter,3030,209,53
User_09065,Facebook,1423,450,40
User_09066,Facebook,256,191,100
User_09067,YouTube,4741,868,575
User_09068,YouTube,4168,18,267
User_09069,YouTube,6157,673,353
User_09070,YouTube,936,268,422
User_09071,Facebook,2766,224,3
User_09072,Twitter,2061,251,394
User_09073,YouTube,3645,485,666
User_09074,Facebook,4038,214,221
User_09075,Facebook,545,139,175
User_09076,Twitter,164,16,267
User_09077,Facebook,2040,209,146
User_09078,Twitter,2972,340,420
User_09079,Facebook,3514,293,6
User_09080,Facebook,1545,81,17
User_09081,Twitter,1554,174,347
User_09082,Instagram,3330,58,236
User_09083,Instagram,3586,334,238
User_09084,Instagram,599,494,176
User_09085,Instagram,1464,24,30
User_09086,Facebook,1750,134,81
User_09087,Instagram,3794,228,245
User_09088,Facebook,978,200,48
User_09089,Instagram,4565,337,101
User_09090,Facebook,1934,306,190
User_09091,Instagram,4934,85,297
User_09092,Twitter,3227,334,313
User_09093,Facebook,961,6,219
User_09094,YouTube,3775,60,496
User_09095,Instagram,1357,93,215
User_09096,Instagram,505,464,288
User_09097,Facebook,1230,266,61
User_09098,Twitter,1840,385,144
User_09099,Facebook,3759,404,15
User_09100,YouTube,4787,1156,336
User_09101,Twitter,3031,279,275
User_09102,Twitter,3252,87,457
User_09103,Facebook,549,209,51
User_09104,Facebook,1340,359,171
User_09105,Instagram,698,90,217
User_09106,Instagram,2434,137,214
User_09107,Twitter,1517,259,297
User_09108,YouTube,2350,564,507
User_09109,Twitter,73,292,214
User_09110,Instagram,3544,458,137
User_09111,Twitter,657,357,322
User_09112,YouTube,5713,372,375
User_09113,Twitter,910,233,282
User_09114,Twitter,2866,130,241
User_09115,Twitter,2262,276,134
User_09116,Instagram,3666,6,141
User_09117,Twitter,1322,247,240
User_09118,Twitter,3196,29,223
User_09119,Instagram,1215,468,265
User_09120,Twitter,647,281,157
User_09121,Facebook,3307,272,17
User_09122,Facebook,4239,412,39
User_09123,Twitter,2834,370,37
User_09124,Twitter,1073,63,225
User_09125,Instagram,60,179,102
User_09126,Twitter,325,332,265
User_09127,Twitter,156,173,199
User_09128,Twitter,2243,265,6
User_09129,Facebook,648,358,216
User_09130,Twitter,1568,158,242
User_09131,YouTube,1150,305,482
User_09132,Facebook,1049,94,196
User_09133,YouTube,2287,1150,374
User_09134,Facebook,3096,349,177
User_09135,YouTube,1463,826,23
User_09136,Instagram,4775,314,45
User_09137,YouTube,9212,50,539
User_09138,Twitter,31,361,61
User_09139,Twitter,24,356,264
User_09140,Twitter,2010,54,188
User_09141,Facebook,362,250,121
User_09142,Instagram,499,246,148
User_09143,Instagram,2384,120,117
User_09144,Twitter,2264,298,191
User_09145,Twitter,2465,196,232
User_09146,Facebook,2445,216,23
User_09147,Instagram,2733,39,48
User_09148,Instagram,4724,478,2
User_09149,Instagram,3891,31,56
User_09150,Twitter,2294,379,186
User_09151,Instagram,1496,11,192
User_09152,Instagram,1267,183,149
User_09153,Twitter,689,353,391
User_09154,Facebook,1478,21,22
User_09155,Instagram,1460,322,242
User_09156,YouTube,9980,979,280
User_09157,Twitter,2782,356,335
User_09158,YouTube,3869,874,334
User_09159,Twitter,3084,160,131
User_09160,Facebook,2878,82,100
User_09161,YouTube,2815,125,293
User_09162,Instagram,3363,150,59
User_09163,YouTube,3560,912,303
User_09164,Instagram,3051,52,98
User_09165,Facebook,3796,404,158
User_09166,Facebook,3678,409,110
User_09167,Twitter,3057,295,395
User_09168,Twitter,1573,275,59
User_09169,Twitter,3162,4,429
User_09170,YouTube,5727,1026,95
User_09171,Twitter,1253,308,337
User_09172,Instagram,3025,271,154
User_09173,Twitter,2134,262,41
User_09174,YouTube,4570,81,532
User_09175,Instagram,1782,494,174
User_09176,Twitter,720,147,377
User_09177,Instagram,2962,232,132
User_09178,YouTube,5518,64,583
User_09179,Twitter,876,95,133
User_09180,YouTube,4089,659,153
User_09181,Twitter,3037,304,56
User_09182,Instagram,1004,51,31
User_09183,YouTube,1260,1104,261
User_09184,Twitter,2794,219,460
User_09185,YouTube,9872,465,174
User_09186,Instagram,2038,187,297
User_09187,Twitter,502,258,341
User_09188,Facebook,468,424,170
User_09189,Twitter,2982,357,102
User_09190,YouTube,8814,27,45
User_09191,Facebook,1250,341,221
User_09192,Twitter,1104,81,178
User_09193,Twitter,2734,70,5
User_09194,YouTube,5537,617,564
User_09195,Facebook,4275,450,228
User_09196,Twitter,3262,282,443
User_09197,Instagram,1204,500,34
User_09198,YouTube,7808,533,628
User_09199,YouTube,7421,634,400
User_09200,Instagram,2464,94,300
User_09201,Facebook,3772,58,125
User_09202,YouTube,7873,379,87
User_09203,YouTube,7141,170,474
User_09204,Facebook,4128,177,139
User_09205,Instagram,2273,181,75
User_09206,Facebook,3511,233,223
User_09207,Twitter,2558,259,266
User_09208,Twitter,2435,279,269
User_09209,Twitter,1947,171,151
User_09210,YouTube,5496,1060,269
User_09211,Twitter,3126,152,495
User_09212,Instagram,1980,147,4
User_09213,Instagram,1165,374,299
User_09214,Facebook,3447,6,178
User_09215,YouTube,9964,900,191
User_09216,Twitter,1383,341,33
User_09217,Facebook,2097,197,231
User_09218,Facebook,4266,313,8
User_09219,Instagram,1304,435,144
User_09220,YouTube,4926,990,623
User_09221,Facebook,3496,373,203
User_09222,YouTube,6770,253,76
User_09223,YouTube,6810,1145,416
User_09224,Facebook,1123,364,237
User_09225,Facebook,548,420,121
User_09226,Instagram,3481,176,131
User_09227,Instagram,2639,500,120
User_09228,Instagram,3152,22,69
User_09229,Facebook,3722,330,238
User_09230,YouTube,4053,518,59
User_09231,Facebook,3644,350,47
User_09232,Twitter,296,276,212
User_09233,Facebook,2368,157,118
User_09234,YouTube,6954,395,69
User_09235,Instagram,1115,325,41
User_09236,Facebook,4493,362,5
User_09237,Twitter,2250,97,286
User_09238,Twitter,2230,390,409
User_09239,Instagram,3286,218,41
User_09240,YouTube,4995,720,642
User_09241,YouTube,8514,831,390
User_09242,Facebook,2937,226,85
User_09243,YouTube,1409,1080,34
User_09244,Facebook,4318,95,88
User_09245,Facebook,662,92,236
User_09246,Twitter,1792,301,22
User_09247,YouTube,4564,808,608
User_09248,YouTube,2977,1109,518
User_09249,Facebook,4403,151,116
User_09250,Instagram,2739,83,24
User_09251,Facebook,689,347,58
User_09252,Facebook,4466,289,223
User_09253,Twitter,393,377,387
User_09254,Facebook,1757,386,42
User_09255,Instagram,1753,449,223
User_09256,Twitter,2162,225,151
User_09257,Facebook,3665,388,125
User_09258,Twitter,577,220,484
User_09259,YouTube,3149,975,152
User_09260,Twitter,3046,195,15
User_09261,Facebook,1265,8,131
User_09262,Twitter,1858,289,116
User_09263,YouTube,7270,173,12
User_09264,Twitter,765,342,275
User_09265,Facebook,1857,141,165
User_09266,YouTube,6133,993,253
User_09267,YouTube,7067,365,202
User_09268,Facebook,3750,260,166
User_09269,Instagram,508,135,171
User_09270,Facebook,2822,276,93
User_09271,Twitter,914,33,483
User_09272,Facebook,3827,117,192
User_09273,Facebook,1434,286,90
User_09274,Twitter,112,161,364
User_09275,Facebook,2125,26,197
User_09276,Facebook,2752,180,88
User_09277,YouTube,6826,1077,623
User_09278,Facebook,3725,239,168
User_09279,Instagram,2451,58,55
User_09280,Twitter,1972,287,276
User_09281,Instagram,2996,408,300
User_09282,Twitter,2631,148,205
User_09283,Twitter,973,272,201
User_09284,YouTube,6327,30,309
User_09285,YouTube,8536,551,692
User_09286,Twitter,2065,384,117
User_09287,Facebook,1575,369,47
User_09288,Instagram,1385,150,280
User_09289,YouTube,5871,1104,481
User_09290,Twitter,138,7,338
User_09291,Twitter,682,124,347
User_09292,YouTube,5224,581,168
User_09293,Twitter,1144,18,250
User_09294,Twitter,118,327,285
User_09295,YouTube,3480,131,92
User_09296,Facebook,426,120,222
User_09297,Facebook,4231,19,179
User_09298,Instagram,2026,374,260
User_09299,Twitter,393,390,193
User_09300,Facebook,4498,119,65
User_09301,YouTube,7051,1135,644
User_09302,Instagram,2675,461,282
User_09303,Instagram,362,281,10
User_09304,Instagram,3048,424,113
User_09305,Facebook,3784,148,216
User_09306,Facebook,2711,211,119
User_09307,Instagram,1109,330,232
User_09308,Twitter,698,263,393
User_09309,Twitter,310,165,475
User_09310,Twitter,1518,313,221
User_09311,YouTube,7680,1200,688
User_09312,YouTube,5890,1023,353
User_09313,YouTube,9439,769,381
User_09314,Instagram,2856,170,124
User_09315,Twitter,568,290,364
User_09316,Instagram,3679,63,155
User_09317,YouTube,4789,162,577
User_09318,Facebook,2866,87,178
User_09319,YouTube,2246,761,151
User_09320,Instagram,3762,462,273
User_09321,Facebook,648,206,168
User_09322,YouTube,1677,147,629
User_09323,Facebook,798,158,215
User_09324,YouTube,8151,614,307
User_09325,YouTube,2540,132,214
User_09326,Instagram,1160,247,199
User_09327,YouTube,7689,424,31
User_09328,Facebook,2499,34,50
User_09329,YouTube,4064,362,98
User_09330,Facebook,2370,151,4
User_09331,Facebook,1680,400,113
User_09332,Facebook,2412,334,215
User_09333,Instagram,4767,133,48
User_09334,Facebook,765,426,143
User_09335,Instagram,3013,372,86
User_09336,YouTube,7934,1180,329
User_09337,Instagram,270,149,246
User_09338,YouTube,1550,289,676
User_09339,Facebook,1300,171,79
User_09340,Twitter,53,46,284
User_09341,Instagram,982,109,156
User_09342,Facebook,2186,415,130
User_09343,YouTube,7849,150,211
User_09344,Facebook,3582,359,47
User_09345,Twitter,1771,281,213
User_09346,Instagram,1570,257,124
User_09347,YouTube,2204,247,124
User_09348,Facebook,252,400,44
User_09349,Instagram,1719,262,44
User_09350,Facebook,363,52,76
User_09351,YouTube,9282,80,171
User_09352,Instagram,4605,284,272
User_09353,Instagram,4788,199,213
User_09354,YouTube,6005,333,197
User_09355,Instagram,4738,60,296
User_09356,Instagram,4253,83,37
User_09357,Facebook,1614,169,102
User_09358,Facebook,810,231,247
User_09359,Facebook,1952,394,112
User_09360,Twitter,2023,29,154
User_09361,Instagram,4017,48,7
User_09362,Facebook,795,321,31
User_09363,Twitter,1210,20,165
User_09364,Instagram,967,127,107
User_09365,Facebook,227,395,229
User_09366,Facebook,2271,414,69
User_09367,YouTube,7142,66,509
User_09368,Instagram,2147,462,267
User_09369,Twitter,3173,202,177
User_09370,Instagram,4112,237,179
User_09371,Facebook,2973,367,222
User_09372,Twitter,642,117,39
User_09373,Twitter,3116,384,107
User_09374,Instagram,3280,18,102
User_09375,Twitter,2651,259,373
User_09376,Instagram,810,338,30
User_09377,YouTube,7300,73,197
User_09378,Twitter,3180,107,31
User_09379,Twitter,1654,238,12
User_09380,Instagram,2879,309,145
User_09381,Twitter,2466,205,204
User_09382,Facebook,1161,397,65
User_09383,Facebook,3818,35,9
User_09384,Twitter,462,382,349
User_09385,YouTube,8667,28,32
User_09386,Twitter,289,142,336
User_09387,Instagram,4632,220,103
User_09388,Facebook,1535,115,78
User_09389,Facebook,290,414,194
User_09390,Twitter,1402,275,399
User_09391,Twitter,1220,148,452
User_09392,Facebook,1441,129,121
User_09393,YouTube,9926,20,596
User_09394,Twitter,783,74,269
User_09395,YouTube,8975,299,387
User_09396,YouTube,4594,739,328
User_09397,Instagram,1783,322,60
User_09398,Twitter,3221,14,494
User_09399,Facebook,2586,270,222
User_09400,Facebook,1966,224,128
User_09401,Facebook,4046,105,103
User_09402,Facebook,1230,128,138
User_09403,Instagram,316,137,122
User_09404,Twitter,1065,226,187
User_09405,YouTube,6871,872,285
User_09406,Twitter,3043,247,484
User_09407,YouTube,1709,814,241
User_09408,Twitter,3160,47,67
User_09409,Instagram,3329,121,56
User_09410,Twitter,1383,178,456
User_09411,Facebook,3663,251,104
User_09412,Instagram,1048,138,185
User_09413,YouTube,179,1060,110
User_09414,Instagram,2256,134,42
User_09415,YouTube,7299,375,562
User_09416,Instagram,2602,369,111
User_09417,Twitter,300,39,213
User_09418,Twitter,504,54,158
User_09419,Twitter,147,103,450
User_09420,Twitter,331,47,265
User_09421,Facebook,3314,388,193
User_09422,Instagram,2776,179,175
User_09423,YouTube,6310,728,269
User_09424,Facebook,3302,261,250
User_09425,Facebook,3151,264,194
User_09426,YouTube,3892,1033,467
User_09427,Instagram,2236,418,15
User_09428,Facebook,2416,414,175
User_09429,YouTube,5257,585,351
User_09430,YouTube,6821,878,34
User_09431,Instagram,1941,8,46
User_09432,Instagram,4973,494,213
User_09433,Facebook,1286,259,200
User_09434,Facebook,1846,272,98
User_09435,Twitter,1113,353,65
User_09436,Instagram,3695,385,108
User_09437,Twitter,3287,273,119
User_09438,YouTube,1006,1199,337
User_09439,Twitter,107,301,100
User_09440,YouTube,581,1184,92
User_09441,Twitter,2817,186,17
User_09442,Instagram,620,101,212
User_09443,YouTube,415,502,286
User_09444,YouTube,9307,567,198
User_09445,Twitter,3349,239,18
User_09446,Instagram,3490,93,251
User_09447,YouTube,9543,696,132
User_09448,YouTube,3069,737,266
User_09449,YouTube,6443,886,594
User_09450,YouTube,4911,293,91
User_09451,Twitter,3471,358,358
User_09452,YouTube,7229,277,491
User_09453,YouTube,2861,1035,12
User_09454,Instagram,969,217,36
User_09455,Twitter,858,140,157
User_09456,Twitter,2395,341,401
User_09457,YouTube,5325,387,244
User_09458,YouTube,2025,848,222
User_09459,Facebook,1369,221,73
User_09460,Twitter,2962,48,352
User_09461,Instagram,484,51,229
User_09462,Instagram,3860,289,54
User_09463,Facebook,2365,330,169
User_09464,YouTube,7447,839,81
User_09465,Facebook,375,443,71
User_09466,YouTube,9265,587,97
User_09467,YouTube,2946,512,325
User_09468,YouTube,2553,1119,211
User_09469,Facebook,3999,91,174
User_09470,Twitter,2940,185,441
User_09471,Twitter,2716,253,294
User_09472,Instagram,1754,29,72
User_09473,Twitter,1354,195,141
User_09474,Twitter,2932,243,50
User_09475,Instagram,2848,270,288
User_09476,Facebook,570,432,136
User_09477,Twitter,173,347,456
User_09478,YouTube,1295,14,504
User_09479,Instagram,1000,218,63
User_09480,Instagram,2513,482,207
User_09481,YouTube,4271,791,670
User_09482,Instagram,894,303,260
User_09483,Facebook,534,393,149
User_09484,Twitter,1507,157,89
User_09485,YouTube,8119,445,691
User_09486,YouTube,3126,503,513
User_09487,Twitter,1217,288,346
User_09488,Twitter,1897,4,29
User_09489,Twitter,2315,288,455
User_09490,Instagram,1254,179,126
User_09491,Facebook,2778,53,42
User_09492,Instagram,4595,429,17
User_09493,Facebook,1399,212,125
User_09494,Instagram,3401,345,209
User_09495,Twitter,3001,11,76
User_09496,Twitter,1496,370,432
User_09497,Facebook,1801,429,148
User_09498,YouTube,7626,139,424
User_09499,YouTube,6694,1094,141
User_09500,Instagram,59,429,9
User_09501,Facebook,3909,9,214
User_09502,Instagram,3711,28,127
User_09503,Twitter,2150,399,32
User_09504,Twitter,2942,362,392
User_09505,Twitter,3097,298,116
User_09506,Facebook,339,260,206
User_09507,Instagram,4724,498,265
User_09508,Facebook,2276,263,71
User_09509,Facebook,3605,256,186
User_09510,YouTube,8960,911,424
User_09511,Facebook,3397,182,17
User_09512,Twitter,3290,148,345
User_09513,YouTube,5675,818,329
User_09514,Twitter,565,220,242
User_09515,Twitter,1496,348,142
User_09516,Instagram,4949,266,84
User_09517,Instagram,3709,305,140
User_09518,Twitter,1972,297,180
User_09519,Instagram,380,104,159
User_09520,YouTube,2268,315,67
User_09521,Facebook,3623,96,103
User_09522,Facebook,517,115,34
User_09523,Twitter,2736,132,177
User_09524,Facebook,3081,231,59
User_09525,Facebook,122,318,235
User_09526,Instagram,3830,390,134
User_09527,Instagram,3171,121,173
User_09528,Instagram,3594,268,177
User_09529,Facebook,1256,144,121
User_09530,Twitter,3070,247,189
User_09531,Instagram,1075,180,287
User_09532,Facebook,3990,394,164
User_09533,Instagram,556,373,185
User_09534,Facebook,3312,375,238
User_09535,Twitter,2479,108,100
User_09536,Facebook,4075,227,61
User_09537,Facebook,2152,71,40
User_09538,YouTube,6657,336,537
User_09539,Facebook,3852,76,231
User_09540,Facebook,4113,350,47
User_09541,Facebook,2800,389,150
User_09542,Facebook,875,23,61
User_09543,Facebook,3902,427,198
User_09544,Instagram,106,283,161
User_09545,Facebook,1740,133,241
User_09546,Instagram,1724,385,230
User_09547,Instagram,2238,106,99
User_09548,Facebook,1650,354,33
User_09549,Facebook,4409,148,95
User_09550,Twitter,2619,394,496
User_09551,Instagram,1097,189,251
User_09552,Instagram,2256,242,114
User_09553,Twitter,433,305,269
User_09554,YouTube,1962,987,436
User_09555,Twitter,2233,10,458
User_09556,Twitter,1231,191,433
User_09557,YouTube,5132,629,152
User_09558,Instagram,3061,255,278
User_09559,Facebook,3837,322,173
User_09560,Facebook,3604,153,9
User_09561,YouTube,3479,307,649
User_09562,Twitter,831,333,497
User_09563,Twitter,2159,273,186
User_09564,Facebook,2195,376,248
User_09565,Facebook,4350,289,56
User_09566,Instagram,1860,313,235
User_09567,Twitter,2792,346,266
User_09568,Facebook,1770,46,179
User_09569,YouTube,474,497,173
User_09570,Instagram,4914,266,193
User_09571,Twitter,1434,187,400
User_09572,Instagram,294,70,171
User_09573,Instagram,3295,228,224
User_09574,Twitter,2632,345,393
User_09575,Instagram,3353,335,236
User_09576,Facebook,2478,258,108
User_09577,Twitter,403,154,425
User_09578,Twitter,1030,74,287
User_09579,YouTube,1558,11,241
User_09580,YouTube,3134,645,155
User_09581,Twitter,1581,88,79
User_09582,Instagram,2714,185,291
User_09583,Twitter,1011,348,227
User_09584,YouTube,3473,1183,697
User_09585,Twitter,953,307,310
User_09586,YouTube,5618,601,12
User_09587,Facebook,2889,169,203
User_09588,YouTube,6895,751,450
User_09589,YouTube,3350,162,486
User_09590,Instagram,4256,256,113
User_09591,Instagram,488,81,48
User_09592,Instagram,1249,381,241
User_09593,Facebook,3154,348,98
User_09594,Facebook,1414,184,190
User_09595,Twitter,2710,238,105
User_09596,Facebook,1432,378,54
User_09597,YouTube,8373,935,279
User_09598,Facebook,575,223,172
User_09599,Twitter,40,51,298
User_09600,Instagram,323,313,7
User_09601,YouTube,9090,1073,446
User_09602,Twitter,2969,374,12
User_09603,Twitter,871,383,79
User_09604,Twitter,1287,157,474
User_09605,Twitter,3188,395,286
User_09606,Facebook,3882,268,93
User_09607,YouTube,4677,197,500
User_09608,Twitter,3276,31,403
User_09609,Instagram,4960,106,255
User_09610,Instagram,3448,154,189
User_09611,Instagram,168,151,181
User_09612,Twitter,3356,128,367
User_09613,YouTube,6956,901,593
User_09614,YouTube,4276,1021,223
User_09615,Facebook,4460,230,198
User_09616,Instagram,2717,71,258
User_09617,Instagram,2767,204,225
User_09618,YouTube,1539,1142,200
User_09619,Twitter,2241,157,379
User_09620,Twitter,1832,48,304
User_09621,Facebook,3685,145,64
User_09622,YouTube,5912,98,625
User_09623,Twitter,2101,165,317
User_09624,Facebook,4163,25,103
User_09625,Facebook,2689,34,40
User_09626,Facebook,409,266,222
User_09627,Twitter,1168,203,411
User_09628,Facebook,2212,118,78
User_09629,Facebook,2975,133,137
User_09630,Twitter,2456,170,91
User_09631,Instagram,1579,424,54
User_09632,YouTube,6471,75,245
User_09633,Twitter,280,4,267
User_09634,Instagram,1766,174,160
User_09635,Twitter,2567,150,196
User_09636,Twitter,22,155,301
User_09637,Instagram,1786,249,208
User_09638,YouTube,7330,575,475
User_09639,Twitter,3029,300,63
User_09640,Instagram,3540,46,97
User_09641,Facebook,988,420,88
User_09642,Instagram,1997,377,296
User_09643,Twitter,2882,162,180
User_09644,Twitter,2928,259,365
User_09645,Instagram,4662,467,24
User_09646,Instagram,2529,67,162
User_09647,Facebook,1800,115,97
User_09648,Facebook,4494,217,184
User_09649,Twitter,25,53,418
User_09650,Facebook,4263,165,82
User_09651,Instagram,262,90,175
User_09652,Twitter,810,267,6
User_09653,Instagram,305,40,96
User_09654,YouTube,5896,963,101
User_09655,Instagram,3120,291,30
User_09656,Twitter,3082,336,414
User_09657,Instagram,4946,156,292
User_09658,Instagram,1603,472,207
User_09659,YouTube,692,739,349
User_09660,Instagram,4765,53,115
User_09661,Twitter,2200,226,42
User_09662,Twitter,3276,340,253
User_09663,Instagram,4006,8,276
User_09664,Instagram,2599,317,77
User_09665,Facebook,1374,389,215
User_09666,YouTube,382,1014,108
User_09667,Twitter,362,80,493
User_09668,Facebook,1740,421,37
User_09669,Instagram,1645,148,297
User_09670,YouTube,2773,286,48
User_09671,YouTube,777,116,223
User_09672,Twitter,2789,39,480
User_09673,Twitter,2051,187,268
User_09674,YouTube,6413,326,464
User_09675,YouTube,8962,24,402
User_09676,Twitter,455,36,354
User_09677,Facebook,3435,408,191
User_09678,Facebook,308,337,60
User_09679,Instagram,3231,308,191
User_09680,Instagram,3567,167,253
User_09681,Instagram,1426,61,62
User_09682,Twitter,216,331,33
User_09683,Instagram,1044,346,69
User_09684,Facebook,1855,105,17
User_09685,Facebook,2698,187,151
User_09686,Twitter,2398,370,469
User_09687,Facebook,527,224,203
User_09688,Facebook,1851,63,204
User_09689,YouTube,5684,891,573
User_09690,Instagram,215,456,300
User_09691,Twitter,2613,57,293
User_09692,Twitter,2262,26,496
User_09693,YouTube,5986,73,357
User_09694,Facebook,769,38,38
User_09695,Instagram,1828,410,218
User_09696,Instagram,4300,67,209
User_09697,YouTube,1791,1150,18
User_09698,YouTube,4279,843,48
User_09699,Instagram,4142,469,54
User_09700,YouTube,724,1140,246
User_09701,YouTube,7060,1164,338
User_09702,YouTube,4695,1169,365
User_09703,Instagram,3359,10,172
User_09704,Instagram,3441,428,69
User_09705,Twitter,1094,176,204
User_09706,Twitter,2453,287,113
User_09707,YouTube,9463,93,503
User_09708,YouTube,2420,571,85
User_09709,YouTube,2444,42,302
User_09710,YouTube,7543,917,446
User_09711,Facebook,2630,439,50
User_09712,YouTube,7540,841,404
User_09713,Instagram,4969,417,178
User_09714,Facebook,407,54,102
User_09715,YouTube,8216,294,542
User_09716,Twitter,525,242,151
User_09717,Twitter,2144,165,299
User_09718,Instagram,1153,499,200
User_09719,Facebook,3693,203,23
User_09720,Instagram,3246,203,72
User_09721,Twitter,1803,6,394
User_09722,Facebook,2566,310,135
User_09723,Facebook,2252,418,242
User_09724,Twitter,2266,306,470
User_09725,Twitter,1998,335,24
User_09726,Instagram,3292,194,195
User_09727,Facebook,4116,386,127
User_09728,YouTube,834,333,69
User_09729,YouTube,8246,280,216
User_09730,Instagram,1258,170,77
User_09731,YouTube,3037,425,353
User_09732,Facebook,2838,428,192
User_09733,Twitter,3424,19,1
User_09734,YouTube,8660,642,619
User_09735,Twitter,276,233,93
User_09736,Instagram,3015,494,30
User_09737,YouTube,2560,26,645
User_09738,YouTube,3830,686,208
User_09739,Instagram,1593,373,62
User_09740,YouTube,6186,857,22
User_09741,YouTube,3867,600,684
User_09742,Facebook,2024,81,34
User_09743,Instagram,104,314,45
User_09744,Facebook,2258,137,229
User_09745,Facebook,932,410,210
User_09746,YouTube,1330,585,36
User_09747,Twitter,2117,115,136
User_09748,Facebook,3854,432,125
User_09749,Facebook,2528,28,195
User_09750,Facebook,831,63,111
User_09751,Facebook,1908,52,57
User_09752,Twitter,2570,291,444
User_09753,Instagram,4164,60,9
User_09754,Instagram,4693,201,79
User_09755,YouTube,2764,846,357
User_09756,Twitter,2147,397,316
User_09757,Twitter,3340,113,348
User_09758,YouTube,6024,1042,489
User_09759,Twitter,1176,399,484
User_09760,YouTube,2188,864,223
User_09761,YouTube,8329,1080,550
User_09762,Facebook,1640,388,195
User_09763,Twitter,3394,322,77
User_09764,YouTube,5192,615,195
User_09765,Facebook,2677,108,85
User_09766,Instagram,603,465,240
User_09767,Facebook,246,174,13
User_09768,Facebook,2102,177,95
User_09769,Facebook,4359,100,132
User_09770,Twitter,670,5,135
User_09771,Twitter,1644,244,223
User_09772,Twitter,1571,364,23
User_09773,Facebook,4466,284,250
User_09774,Twitter,1245,166,362
User_09775,Twitter,343,372,341
User_09776,Facebook,495,325,122
User_09777,YouTube,3501,157,225
User_09778,Twitter,2295,186,310
User_09779,Facebook,881,195,200
User_09780,Facebook,3285,70,26
User_09781,Instagram,3988,435,153
User_09782,Instagram,2154,409,136
User_09783,Facebook,71,330,211
User_09784,Instagram,174,417,200
User_09785,Instagram,2322,477,148
User_09786,YouTube,2432,792,318
User_09787,YouTube,7658,648,282
User_09788,Facebook,1789,40,154
User_09789,Twitter,416,64,350
User_09790,YouTube,3815,475,253
User_09791,YouTube,9613,933,173
User_09792,Twitter,3468,317,240
User_09793,Instagram,805,17,25
User_09794,Facebook,2518,120,77
User_09795,YouTube,9926,1026,378
User_09796,YouTube,9136,856,646
User_09797,Instagram,4397,273,261
User_09798,Instagram,3950,267,208
User_09799,Instagram,1121,64,189
User_09800,Facebook,4128,315,67
User_09801,Facebook,3778,228,237
User_09802,Facebook,4258,70,127
User_09803,YouTube,9657,102,220
User_09804,Facebook,1002,87,44
User_09805,Facebook,1916,450,156
User_09806,YouTube,4426,1150,46
User_09807,Twitter,76,150,231
User_09808,Facebook,1003,164,189
User_09809,Facebook,3286,289,120
User_09810,YouTube,7633,975,513
User_09811,YouTube,204,950,23
User_09812,Facebook,3338,202,107
User_09813,YouTube,6689,35,8
User_09814,Twitter,1566,369,72
User_09815,Facebook,1306,66,223
User_09816,Facebook,4453,70,32
User_09817,Facebook,4164,217,223
User_09818,Facebook,3978,289,204
User_09819,YouTube,7314,283,441
User_09820,YouTube,3630,431,207
User_09821,Instagram,2502,374,186
User_09822,Twitter,2354,87,340
User_09823,Instagram,3345,210,205
User_09824,Instagram,2287,283,182
User_09825,Facebook,814,98,53
User_09826,YouTube,4435,431,353
User_09827,YouTube,9574,1161,98
User_09828,Instagram,4316,341,160
User_09829,Twitter,1459,52,79
User_09830,YouTube,3070,252,34
User_09831,Twitter,3089,122,240
User_09832,Instagram,3931,392,11
User_09833,YouTube,9260,471,390
User_09834,YouTube,8767,204,90
User_09835,Twitter,2996,175,297
User_09836,YouTube,6021,1141,645
User_09837,YouTube,9483,538,175
User_09838,Instagram,2071,260,295
User_09839,Facebook,895,111,197
User_09840,Twitter,812,354,202
User_09841,YouTube,9540,1026,186
User_09842,Twitter,1657,238,219
User_09843,Twitter,1970,251,188
User_09844,Facebook,2996,408,145
User_09845,Twitter,314,108,427
User_09846,YouTube,1563,1004,268
User_09847,Instagram,4840,182,114
User_09848,Instagram,4536,339,280
User_09849,YouTube,3035,895,508
User_09850,Facebook,1612,107,157
User_09851,Instagram,4064,439,209
User_09852,Instagram,3026,448,16
User_09853,Instagram,819,43,43
User_09854,Facebook,910,176,80
User_09855,Instagram,2571,149,95
User_09856,Facebook,3420,133,129
User_09857,Facebook,651,138,151
User_09858,Instagram,762,6,270
User_09859,Twitter,418,198,398
User_09860,YouTube,7641,47,324
User_09861,Instagram,2856,468,248
User_09862,Facebook,4384,343,238
User_09863,Instagram,3174,237,295
User_09864,Twitter,1911,343,119
User_09865,Twitter,1871,94,19
User_09866,Twitter,504,25,411
User_09867,Facebook,1626,239,48
User_09868,Twitter,1271,116,346
User_09869,Facebook,508,191,132
User_09870,Twitter,2344,291,225
User_09871,Facebook,2226,190,160
User_09872,Twitter,444,342,433
User_09873,YouTube,6029,919,637
User_09874,Facebook,1325,398,226
User_09875,Twitter,1932,5,61
User_09876,Instagram,2799,162,51
User_09877,Twitter,2788,257,106
User_09878,Facebook,3429,7,211
User_09879,Twitter,2100,176,209
User_09880,Twitter,3109,34,18
User_09881,YouTube,7870,420,360
User_09882,Twitter,1981,304,151
User_09883,Facebook,1633,442,107
User_09884,YouTube,4548,1026,57
User_09885,Facebook,3174,107,40
User_09886,Twitter,1640,254,337
User_09887,Twitter,3304,393,448
User_09888,YouTube,9840,816,275
User_09889,YouTube,8590,920,676
User_09890,Twitter,1597,318,133
User_09891,YouTube,7351,170,362
User_09892,YouTube,4009,573,458
User_09893,YouTube,5338,83,658
User_09894,Facebook,2114,17,200
User_09895,YouTube,4054,916,512
User_09896,Facebook,85,291,187
User_09897,YouTube,8688,825,327
User_09898,Facebook,2159,175,226
User_09899,Instagram,1991,230,180
User_09900,YouTube,9176,76,498
User_09901,Instagram,3118,122,274
User_09902,Facebook,1667,378,138
User_09903,YouTube,6701,1198,198
User_09904,Facebook,1030,131,106
User_09905,Twitter,1260,381,269
User_09906,Instagram,2316,420,16
User_09907,Twitter,926,236,108
User_09908,Instagram,2301,49,182
User_09909,Instagram,3214,116,92
User_09910,YouTube,580,653,110
User_09911,Instagram,1206,213,186
User_09912,Facebook,4406,236,163
User_09913,Twitter,863,105,457
User_09914,YouTube,6564,966,292
User_09915,Twitter,1111,356,404
User_09916,Twitter,1788,383,20
User_09917,Facebook,1829,440,221
User_09918,Facebook,4018,105,212
User_09919,Twitter,1103,59,172
User_09920,Facebook,479,367,246
User_09921,YouTube,1243,119,95
User_09922,Instagram,1516,326,252
User_09923,Twitter,203,249,412
User_09924,Instagram,4935,172,60
User_09925,Twitter,1244,267,135
User_09926,Twitter,1968,291,325
User_09927,Twitter,848,267,101
User_09928,Facebook,217,223,24
User_09929,YouTube,4222,450,334
User_09930,Twitter,2704,192,139
User_09931,Twitter,2183,304,108
User_09932,YouTube,475,714,689
User_09933,Facebook,3397,21,49
User_09934,Twitter,138,373,207
User_09935,Twitter,1388,223,388
User_09936,Twitter,267,248,44
User_09937,Instagram,1360,312,95
User_09938,Facebook,3309,53,222
User_09939,Facebook,939,70,50
User_09940,Twitter,1911,131,187
User_09941,YouTube,1778,434,259
User_09942,Twitter,1704,258,229
User_09943,Instagram,2789,474,260
User_09944,Instagram,4058,301,35
User_09945,Instagram,3363,437,188
User_09946,Instagram,295,424,220
User_09947,YouTube,768,1025,41
User_09948,Twitter,2181,106,390
User_09949,YouTube,7331,1097,280
User_09950,Facebook,127,121,67
User_09951,YouTube,7676,446,448
User_09952,YouTube,4765,24,303
User_09953,YouTube,2218,991,194
User_09954,Instagram,131,101,62
User_09955,Twitter,2289,261,126
User_09956,Twitter,3311,133,126
User_09957,Instagram,3556,257,267
User_09958,YouTube,8334,556,272
User_09959,YouTube,782,1138,580
User_09960,YouTube,9727,451,29
User_09961,Facebook,1565,325,10
User_09962,Twitter,2585,192,224
User_09963,Instagram,2853,84,218
User_09964,Instagram,1067,385,187
User_09965,Facebook,1733,431,235
User_09966,Instagram,1117,315,207
User_09967,Twitter,822,114,11
User_09968,Facebook,2054,188,219
User_09969,Twitter,1464,137,497
User_09970,Instagram,2055,20,227
User_09971,Instagram,2943,145,32
User_09972,Facebook,3832,111,238
User_09973,Facebook,250,65,39
User_09974,YouTube,3622,201,576
User_09975,YouTube,171,55,304
User_09976,Facebook,1682,45,172
User_09977,Facebook,359,393,179
User_09978,Twitter,2138,66,414
User_09979,Instagram,2515,275,65
User_09980,Instagram,4691,126,30
User_09981,YouTube,4971,1096,299
User_09982,Twitter,910,266,184
User_09983,Twitter,3118,250,308
User_09984,Twitter,857,302,416
User_09985,Facebook,2259,430,185
User_09986,YouTube,5464,494,543
User_09987,Instagram,3119,444,45
User_09988,Facebook,4021,79,222
User_09989,Facebook,4260,450,37
User_09990,Twitter,1144,69,301
User_09991,YouTube,1713,1043,356
User_09992,Facebook,3008,191,167
User_09993,Twitter,2828,216,397
User_09994,Instagram,2806,468,175
User_09995,Instagram,2046,32,264
User_09996,Instagram,4761,221,170
User_09997,YouTube,4389,1037,469
User_09998,Twitter,443,347,410
User_09999,YouTube,344,612,529
User_10000,YouTube,9687,245,338
